0,1,2,3,4,5,6,7,8,9,10,11,12,13,14,15,16,17,18,19,20,21,22,23,24,25,26,27,28,29,30,31,32,33,34,35,36,37,38,39,40,41,42,43,44,45,46,47,48,49,50,51,52,53,54,55,56,57,58,59,60,61,62,63,64,65,66,67,68,69,70,71,72,73,74,75,76,77,78,79,80,81,82,83,84,85,86,87,88,89,90,91,92,93,94,95,96,97,98,99,100,101,102,103,104,105,106,107,108,109,110,111,112,113,114,115,116,117,118,119,120,121,122,123,124,125,126
1,Anderson,1,1,2,2,3,3,3,3,3,5,5,5,7,7,9,13,12,14,14,16,17,21,20,24,25,27,25,25,26,27,29,28,29,26,25,31,31,27,27,28,28,27,32,29,29,30,31,30,30,23,23,22,27,24,24,23,22,23,28,29,25,25,24,30,30,34,29,34,34,34,916,915,922,925,924,924,923,921,925,923,926,920,919,919,226,233,967,252,250,986,986,1012,1054,1435,1664,1699,1699,1793,1819,1845,1856,1903,1917,1917,1915,1924,1923,1938,1974,1960,1956,1959,1979,1981,1983,2004,2017,2017,2114,2114,2146,2144,2170,2191,2189
2,Andrews,10,10,10,11,11,11,12,13,13,19,19,18,14,14,11,11,11,10,10,10,9,9,9,4,5,5,6,6,6,6,5,5,5,4,4,5,5,5,4,3,3,1,1,1,1,2,2,3,6,6,6,6,6,6,6,6,5,5,5,0,0,0,0,0,0,0,0,1,1,1,3,3,3,5,12,14,14,14,16,21,26,33,43,43,45,51,54,54,61,66,66,60,65,77,70,89,100,100,97,95,97,102,106,108,104,112,126,100,98,103,102,90,92,90,104,106,106,112,108,108,80,76,76,93,84
3,Angelina,14,14,14,15,15,14,14,14,13,16,17,15,15,12,16,19,19,20,23,23,23,32,35,36,35,36,36,36,60,67,74,81,74,81,70,86,86,88,100,108,108,84,99,98,112,116,119,119,119,119,99,107,109,111,111,111,120,105,105,105,110,110,110,72,116,116,144,144,144,120,142,163,162,176,190,190,149,184,195,214,233,233,233,233,245,273,285,307,307,307,307,376,376,411,449,509,509,509,597,421,527,587,587,587,587,587,819,819,968,990,974,974,1055,1134,714,714,752,752,751,751,857,869,893,891,891
4,Aransas,1,2,2,2,2,2,2,2,2,2,2,2,1,1,1,0,0,0,0,0,0,0,0,0,0,0,0,0,0,0,0,0,0,0,0,0,0,1,1,1,1,1,1,2,3,3,3,3,3,3,3,2,2,2,2,2,2,1,1,1,1,1,1,1,1,1,2,2,2,1,2,2,2,2,2,2,2,5,5,5,6,10,11,14,16,17,21,23,24,25,33,32,31,34,28,28,32,33,30,30,39,45,49,55,56,70,75,68,70,77,74,79,82,75,85,89,84,80,81,81,83,80,69,69,68
5,Archer,0,0,0,0,0,0,0,0,0,0,0,0,0,0,0,0,0,0,0,0,0,0,0,0,0,0,0,0,0,0,0,0,0,0,0,0,0,0,1,1,1,1,1,1,1,1,1,1,1,1,1,1,0,0,0,0,0,0,0,1,1,1,1,2,2,2,2,2,2,2,2,2,2,1,1,1,1,1,2,2,2,3,3,3,4,4,5,5,5,5,5,6,7,7,3,3,3,2,3,3,2,2,2,2,1,2,2,1,0,1,1,1,1,0,2,0,1,1,0,0,0,0,0,0,0
6,Armstrong,0,0,0,0,0,0,0,1,1,1,1,1,1,1,1,1,1,1,2,2,2,1,1,1,1,1,1,1,1,1,1,1,1,0,0,0,0,0,0,0,0,0,0,0,0,0,0,0,0,0,0,0,1,1,1,1,1,1,1,1,1,1,1,1,1,1,0,0,0,0,0,0,0,0,0,0,0,0,0,0,1,1,1,1,1,0,0,0,0,0,0,0,0,0,0,0,0,0,0,0,0,0,0,0,0,0,0,0,1,1,1,1,2,2,2,2,5,5,5,5,4,4,4,4,4
7,Atascosa,4,3,3,5,6,7,7,7,7,7,7,7,7,9,10,9,9,7,7,5,5,7,7,10,10,10,10,9,7,9,10,10,10,10,12,13,12,10,13,13,13,13,15,13,15,15,15,14,12,10,10,10,7,7,9,8,7,7,5,8,8,10,9,9,12,10,10,8,7,7,6,6,8,23,30,30,29,38,41,46,44,46,49,49,65,67,28,27,46,44,41,51,51,85,85,94,162,160,160,173,176,184,239,239,233,0,0,0,0,0,0,0,0,0,0,0,0,0,0,0,76,73,79,78,77
8,Austin,6,6,6,7,7,8,9,10,10,9,9,9,8,8,7,6,6,6,6,4,3,2,3,3,3,3,3,3,3,4,3,3,3,4,4,4,3,4,4,6,6,6,7,5,5,5,5,5,5,5,5,5,5,5,5,5,5,5,5,5,5,5,5,5,5,5,5,5,5,5,5,5,5,5,5,5,5,5,5,5,5,5,5,5,5,5,5,5,5,5,5,58,63,75,82,86,88,91,74,69,71,73,71,73,76,74,73,69,63,61,58,71,78,83,82,82,83,83,80,80,78,82,86,82,93
9,Bailey,0,0,0,0,0,0,0,0,0,0,0,0,0,0,0,0,0,0,0,0,0,0,0,0,0,0,0,0,1,2,2,2,2,3,3,3,3,3,3,6,6,8,9,5,5,5,5,5,5,5,5,5,5,5,5,5,5,5,5,5,5,5,5,5,5,5,5,5,5,5,5,5,5,5,5,5,5,5,5,5,5,5,5,5,5,5,5,5,5,5,5,33,35,36,36,32,32,32,31,25,29,30,30,28,27,23,22,22,22,23,23,23,32,38,37,39,40,39,35,35,42,42,43,42,42
10,Bandera,0,0,1,1,2,2,2,2,2,3,4,4,4,4,4,4,3,3,2,4,4,4,4,4,3,3,3,3,3,3,3,3,3,1,1,1,1,1,1,1,1,1,0,0,0,0,0,0,0,0,0,0,0,0,0,0,0,0,0,0,0,0,0,0,0,0,1,1,1,1,1,1,2,7,9,9,9,10,9,9,9,9,9,9,9,14,9,10,14,12,9,9,8,9,12,18,18,18,18,19,20,20,20,21,21,0,0,0,0,5,4,1,5,4,8,0,0,0,3,3,37,36,28,26,26
11,Bastrop,14,15,13,16,16,14,13,13,25,30,35,35,35,34,37,36,40,44,44,45,46,42,49,52,59,52,55,57,66,68,71,69,71,72,73,78,77,82,85,89,89,87,103,106,113,116,108,112,117,118,118,111,115,117,124,125,129,139,142,147,151,155,153,161,167,172,167,171,173,173,191,207,219,211,211,211,232,231,234,245,265,255,257,279,282,286,295,142,150,148,181,176,268,297,310,336,339,321,632,440,446,521,783,553,541,554,487,510,513,532,521,523,541,494,484,432,439,399,370,370,365,353,1172,1180,277
12,Baylor,0,0,0,0,0,0,0,0,0,0,0,0,0,0,0,0,0,0,0,0,0,0,0,0,0,0,0,0,0,0,0,0,0,0,0,0,0,0,0,0,0,0,0,0,0,0,0,0,0,0,0,0,0,0,0,0,0,0,0,3,1,1,1,1,1,1,1,1,1,1,1,1,1,0,0,0,0,0,1,1,1,0,0,0,0,0,0,0,0,0,0,0,0,0,0,0,0,0,0,0,0,0,0,0,0,1,1,1,0,1,1,1,1,1,1,0,0,0,0,0,0,0,0,2,2
13,Bee,0,1,1,1,2,2,2,3,3,3,5,5,5,5,5,4,5,5,3,3,3,3,3,4,2,2,2,2,2,2,1,1,1,2,2,2,2,1,1,1,1,1,0,1,2,2,2,3,3,3,3,3,3,3,3,3,4,4,3,10,14,14,14,16,18,19,23,23,23,23,23,22,22,17,15,17,17,15,14,15,12,16,16,19,19,20,24,19,23,33,49,53,60,97,92,94,105,105,103,124,98,97,111,113,119,147,144,146,221,214,237,225,234,248,268,279,292,302,396,396,409,401,529,681,677
14,Bell,53,55,57,66,66,76,76,76,73,76,81,83,65,57,60,69,77,85,89,89,89,97,104,107,92,96,97,81,85,84,87,84,87,86,82,76,83,85,90,96,96,95,107,114,129,126,130,130,130,115,142,148,151,154,159,168,181,201,213,210,224,224,213,231,264,279,323,354,378,363,366,373,421,455,503,507,480,517,557,621,688,739,739,739,797,895,974,1046,1089,1089,1089,1144,1203,1321,1422,1512,1512,1512,1634,1755,1702,1726,1797,1797,1668,1705,1664,1641,1700,1700,1564,1552,1508,1478,1477,1568,1596,1595,1505,1505,1305,1337,1222,1267,1266
15,Bexar,399,431,469,507,545,588,623,631,624,677,685,656,678,700,665,691,726,741,655,657,680,657,672,642,644,704,781,809,802,791,841,824,841,869,867,835,835,867,911,987,987,959,998,1052,1059,1062,1064,1085,1074,1081,1074,1087,1130,1144,1275,1034,1019,999,1009,1017,1104,1135,1141,1133,1260,1350,1487,1657,1774,2018,2005,2439,2687,2977,3343,3474,3978,4232,4392,4682,5249,5553,6395,6824,7343,7065,7243,7214,8462,8665,8791,8873,9552,10397,11332,12254,12780,11578,8639,9289,9736,12667,13115,13982,4729,5094,6146,6988,7689,8008,8334,3306,3330,4540,5184,6180,6567,6806,0,0,0,0,75,268,382
16,Blanco,3,3,3,3,3,3,3,3,3,3,4,2,2,3,1,2,4,4,4,4,2,1,1,1,1,1,1,1,1,1,1,1,1,1,1,1,1,0,0,0,0,0,0,1,1,2,2,2,2,2,2,2,3,3,4,4,4,4,4,4,4,4,4,5,5,4,3,3,3,3,3,4,5,6,6,6,14,16,19,18,17,17,17,18,18,18,20,18,18,18,11,10,25,26,26,26,26,25,40,33,42,41,59,46,49,48,34,35,36,41,39,39,46,40,33,34,35,31,28,28,27,25,78,78,16
17,Borden,0,0,0,0,0,0,0,0,0,0,0,0,0,0,0,0,0,0,0,0,0,0,0,0,0,0,0,0,0,0,0,0,0,0,0,0,0,0,0,0,0,0,0,0,0,0,0,0,0,0,0,0,0,0,0,0,0,0,0,0,0,0,0,0,0,0,0,0,0,0,0,0,0,0,0,0,0,0,0,0,0,0,0,0,0,0,0,0,0,0,0,0,0,0,0,0,0,0,0,0,0,0,0,0,0,0,0,0,0,0,0,0,0,0,0,0,0,0,0,0,0,0,0,0,0
18,Bosque,0,0,0,0,0,0,0,0,1,1,1,1,1,1,3,3,3,3,3,4,2,2,2,2,2,2,2,2,3,3,3,3,3,3,3,4,4,4,4,4,4,4,4,4,4,4,4,4,4,4,4,4,4,5,5,5,5,5,5,5,5,5,5,5,5,5,5,4,4,4,3,3,3,3,3,6,6,6,6,6,6,6,6,9,9,10,11,9,9,7,9,9,24,27,28,32,32,29,37,30,33,42,52,50,59,60,55,64,64,68,67,67,71,73,71,72,76,72,63,63,64,71,139,145,70
19,Bowie,15,18,21,26,27,29,28,24,29,37,44,42,43,46,50,50,47,44,43,42,42,43,39,32,30,28,27,27,25,19,19,19,19,17,16,18,20,57,56,62,64,62,60,99,101,79,77,76,76,66,73,75,76,76,141,143,144,131,138,161,171,197,197,216,216,195,197,195,143,133,134,123,118,122,115,90,90,86,82,86,84,86,82,88,82,90,250,73,75,242,245,55,59,57,72,80,88,99,86,84,101,101,125,139,154,154,169,181,197,197,176,160,168,170,136,135,120,120,65,65,63,60,118,73,73
20,Brazoria,152,157,157,166,172,174,186,185,181,183,184,191,141,142,139,142,169,160,171,199,196,202,207,209,232,257,262,268,268,260,262,280,262,309,307,315,315,330,327,337,344,375,386,377,386,394,396,406,396,384,387,390,405,411,424,408,400,410,417,424,446,446,412,168,167,173,190,0,0,0,603,621,641,676,713,771,803,1035,1049,1106,1159,1235,1301,1345,892,933,825,855,940,1011,1125,1211,1300,1349,1437,1477,1522,1609,1847,1904,2042,2174,2261,2334,2423,2198,2575,2372,2423,2294,2268,2389,2626,2673,2742,2847,2935,2981,3057,3057,3118,3149,3158,3197,3300
21,Brazos,77,77,83,81,78,93,95,96,95,90,93,95,103,99,97,97,96,84,88,88,82,80,84,87,90,71,77,77,78,84,96,106,96,127,133,138,147,140,143,150,156,160,168,158,174,184,194,246,248,247,242,253,261,268,275,281,285,284,298,312,345,385,406,384,413,387,413,424,483,482,319,362,493,507,558,599,611,595,615,667,773,835,917,972,1065,980,1031,1065,1108,1128,1190,1227,1249,1211,1085,1181,1139,1063,1063,991,974,922,913,890,867,875,816,819,670,674,686,664,634,584,563,540,507,515,519,519,433,402,363,338,318
22,Brewster,0,0,0,0,0,0,0,0,0,0,0,0,0,0,0,0,0,0,0,0,0,0,0,0,1,1,1,1,1,1,1,1,1,1,1,1,1,1,0,0,0,0,0,0,0,0,0,0,0,0,0,0,0,0,0,0,0,0,0,0,0,0,0,0,0,0,0,3,6,10,12,17,21,23,23,23,38,44,60,75,84,82,79,76,118,120,123,123,123,123,111,109,97,86,81,81,81,81,49,49,45,43,44,43,42,40,39,41,36,47,43,40,36,32,34,34,25,24,26,26,27,25,27,17,17
23,Briscoe,0,0,0,0,0,0,0,0,0,0,0,0,0,0,0,0,0,0,0,0,0,0,0,0,0,1,1,1,1,1,1,1,1,1,1,1,1,1,1,0,0,0,0,0,0,0,0,0,0,0,0,0,0,0,0,0,0,0,0,0,0,0,0,0,0,0,0,0,0,0,0,0,0,0,0,0,0,0,0,1,1,1,1,1,1,2,2,2,6,6,6,7,7,7,6,6,6,6,6,5,5,5,2,2,2,1,1,1,2,2,2,2,3,3,3,3,3,3,3,3,2,2,1,2,2
24,Brooks,0,0,0,0,0,0,0,0,0,0,0,0,0,0,0,1,1,1,1,1,1,1,1,1,1,1,1,1,1,0,0,0,0,0,0,0,0,0,0,0,0,0,0,0,0,0,0,0,0,0,0,0,0,0,0,0,0,0,0,0,0,0,0,0,0,0,0,0,1,1,1,1,1,1,1,2,2,2,2,2,2,2,1,1,1,1,4,4,7,6,5,6,13,24,27,27,31,31,23,22,27,14,15,16,12,12,13,13,11,17,28,28,29,26,27,18,19,20,21,21,20,19,20,19,33
25,Brown,4,4,6,6,8,8,8,8,8,9,8,8,5,3,3,1,1,5,5,5,15,20,20,21,21,20,20,19,20,18,15,15,15,15,15,14,19,19,19,19,19,17,14,18,18,17,18,18,18,17,17,17,18,18,18,17,10,9,9,9,9,9,6,6,6,6,6,6,6,3,4,4,3,4,4,4,4,7,6,7,8,8,8,5,10,14,21,21,31,31,31,26,38,77,54,69,69,50,108,104,106,112,116,116,115,105,97,93,101,101,104,86,95,100,85,84,83,83,53,53,52,50,52,55,55
26,Burleson,5,5,5,6,5,5,5,5,7,7,8,6,6,6,5,6,10,9,9,9,9,10,10,10,11,12,12,12,12,12,11,12,11,12,12,13,13,14,14,15,15,15,17,17,17,16,16,16,16,16,16,16,17,17,17,18,18,18,20,21,24,23,23,26,30,28,28,29,29,29,32,33,37,37,38,39,44,49,49,49,50,51,55,57,57,64,64,39,39,38,39,34,60,70,72,85,84,83,133,81,85,105,159,105,111,112,94,96,98,85,79,80,84,84,80,63,65,62,52,52,51,43,183,183,38
27,Burnet,4,4,4,5,5,5,4,4,5,4,5,5,5,6,9,9,11,11,11,11,11,11,12,15,15,15,14,18,19,19,16,17,16,18,15,16,15,14,14,14,14,14,14,14,9,8,7,7,7,8,7,9,11,12,13,14,15,16,18,18,19,21,19,15,15,15,15,20,21,21,20,21,29,32,33,33,42,50,47,47,62,63,64,76,76,82,88,72,73,71,99,93,112,124,114,126,133,124,196,156,159,190,257,195,168,181,180,188,193,188,180,293,293,284,281,256,259,251,247,247,225,217,387,388,196
28,Caldwell,5,5,5,6,5,5,5,5,5,6,5,5,5,5,5,4,6,6,6,7,6,6,6,9,9,15,15,16,18,19,19,19,19,21,24,24,26,26,28,29,29,29,32,32,33,40,38,38,38,39,39,44,50,51,49,50,50,51,50,50,52,48,48,47,49,53,53,59,111,111,118,130,147,154,165,173,182,231,241,237,246,252,255,278,282,292,318,211,256,248,252,213,293,333,347,383,387,381,645,450,438,481,755,446,439,466,427,430,434,419,403,394,402,376,359,323,328,317,306,306,267,258,973,987,220
29,Calhoun,12,12,11,12,12,13,13,17,13,13,15,15,11,10,10,10,11,10,13,12,15,11,11,11,10,11,12,12,13,13,12,14,12,11,9,9,9,8,8,7,6,5,4,5,5,4,4,4,3,3,3,3,2,2,2,2,2,1,1,1,2,3,3,4,5,8,9,9,9,9,9,9,9,15,17,16,16,16,17,26,25,28,28,28,30,46,30,30,31,31,29,41,42,55,71,81,82,82,92,105,111,118,140,145,145,34,26,48,74,94,95,70,83,76,90,64,64,64,44,44,269,248,210,207,205
30,Callahan,1,1,1,1,1,1,1,1,1,1,1,1,1,1,0,0,0,0,0,0,0,1,1,1,1,1,1,1,1,1,3,4,3,4,4,3,4,5,5,7,7,7,7,0,0,0,0,0,0,0,0,0,0,0,0,0,0,0,0,0,0,0,0,0,0,0,0,0,0,0,0,0,0,0,0,0,0,0,0,0,0,0,0,0,0,0,0,0,0,0,0,11,10,10,2,3,3,4,5,4,3,4,5,5,4,8,4,4,2,2,1,0,0,0,0,0,0,0,0,0,0,0,0,0,0
31,Cameron,95,102,111,136,146,176,176,192,215,221,222,224,184,176,187,176,164,162,181,193,189,191,193,197,203,201,212,210,211,196,203,207,203,225,207,207,189,192,204,158,194,192,196,201,214,177,181,192,192,167,156,160,156,159,169,162,159,164,180,187,196,225,208,222,225,244,243,277,334,313,327,366,397,444,462,554,496,536,575,611,637,641,738,662,702,707,747,755,625,708,639,633,642,708,771,871,1227,1185,1469,1884,2102,2391,2643,2964,2836,3046,3310,3628,3858,4454,4332,4296,4617,5117,5390,5765,5796,6660,7892,7892,9080,9145,9034,9449,8543
32,Camp,2,2,3,3,3,3,3,5,4,5,5,5,5,5,4,4,4,4,4,4,4,2,2,1,1,1,2,2,2,2,2,2,2,2,2,2,6,8,11,15,14,17,19,23,23,23,23,23,23,23,23,23,23,23,23,23,23,23,23,23,23,23,23,23,23,23,23,23,23,23,23,23,23,23,23,23,23,23,23,23,23,23,23,23,23,23,23,23,23,23,23,16,16,18,16,16,22,27,25,22,28,38,36,37,40,41,44,45,46,53,55,49,51,57,53,65,51,55,51,51,51,50,58,55,54
33,Carson,0,0,0,0,0,0,0,0,0,0,0,1,1,1,1,1,1,1,1,1,1,1,2,2,2,1,2,2,2,2,2,2,2,2,2,2,1,1,1,1,2,3,3,2,3,3,3,3,3,3,3,3,3,3,2,2,2,2,1,1,1,1,1,1,1,1,1,1,1,1,1,1,0,0,0,0,0,0,0,0,0,0,0,0,0,0,1,1,1,1,1,1,1,4,4,4,4,4,4,4,3,3,3,3,3,3,3,1,1,1,1,1,2,3,4,4,4,4,4,4,5,5,6,6,6
34,Cass,3,3,3,3,2,3,3,3,3,2,2,7,8,9,7,7,7,9,9,9,9,9,9,9,10,7,6,5,7,8,8,7,8,9,9,6,6,6,6,6,6,7,7,5,5,5,5,3,3,7,9,13,12,11,11,10,10,9,9,9,10,10,10,9,8,5,6,6,5,5,4,6,7,7,6,6,6,5,5,5,4,4,4,5,5,7,11,9,11,12,13,14,16,15,15,15,20,24,25,27,28,31,33,37,39,39,43,46,52,82,83,78,81,82,70,75,70,70,62,62,69,72,77,67,69
35,Castro,7,7,4,3,3,4,4,4,4,4,3,3,3,3,3,4,5,5,4,3,3,3,2,2,4,4,4,7,7,8,10,10,10,11,11,11,12,12,13,12,13,10,11,10,9,11,12,11,11,11,10,9,8,10,9,9,8,8,8,6,6,5,5,6,7,7,9,11,11,11,16,16,17,18,17,17,24,28,29,34,35,34,34,34,30,42,46,50,52,52,46,51,48,47,47,54,53,53,53,52,52,52,53,53,56,49,50,48,46,38,37,36,48,41,39,40,39,37,33,33,48,50,57,58,58
36,Chambers,15,17,20,22,22,27,25,23,24,26,25,26,16,16,15,15,16,16,15,15,14,11,8,8,8,9,10,8,7,7,8,7,8,9,9,8,8,6,8,8,9,6,8,11,9,8,8,9,11,7,8,6,8,10,11,10,8,9,10,11,13,14,17,15,15,17,26,30,32,33,36,44,41,48,57,64,57,67,66,69,70,121,143,128,131,141,162,180,180,180,132,234,211,194,260,249,284,284,192,177,175,180,223,223,201,188,189,194,200,218,221,200,191,196,216,196,203,210,196,196,178,159,144,153,153
37,Cherokee,6,6,6,5,5,5,5,4,3,3,3,3,3,3,2,2,2,6,6,6,6,8,8,7,9,10,10,9,11,12,12,7,12,7,7,10,14,14,17,19,19,19,18,19,25,24,25,25,25,20,19,19,16,13,13,13,14,13,10,14,14,14,14,17,15,15,15,14,13,13,18,16,19,20,18,18,17,26,30,35,41,53,53,78,90,89,120,126,149,160,160,198,161,177,222,248,255,255,255,308,330,358,380,380,407,407,474,474,501,529,536,544,554,606,635,649,672,672,672,672,720,841,840,993,996
38,Childress,0,0,0,0,0,0,0,0,0,0,0,0,1,1,1,1,1,1,1,1,1,1,1,1,1,1,0,0,0,0,0,0,0,1,1,1,1,1,1,1,1,1,1,1,1,1,1,0,0,0,0,0,0,0,0,0,0,0,0,0,0,0,0,2,4,4,4,4,4,4,4,4,4,4,4,4,4,2,2,2,3,2,2,2,2,2,2,2,2,2,2,2,1,1,0,1,0,0,0,0,1,0,2,2,2,2,7,7,9,13,13,13,20,21,25,26,25,25,25,25,23,24,26,23,23
39,Clay,1,1,1,1,2,2,2,2,2,2,2,2,2,2,2,2,2,2,1,1,1,1,1,1,1,1,0,0,0,0,0,0,0,0,0,0,0,0,0,0,0,0,0,0,0,0,0,0,0,0,0,0,0,0,0,0,1,1,2,2,2,2,2,2,2,2,2,2,2,2,1,1,0,0,0,0,0,0,0,0,0,1,1,1,2,3,3,4,4,4,4,4,8,8,4,6,6,6,9,7,6,6,5,5,3,2,3,1,4,5,4,1,0,1,0,0,0,0,0,0,0,0,0,0,0
40,Cochran,0,0,0,0,0,0,0,0,0,0,0,0,0,0,0,0,1,1,1,1,1,1,1,1,1,1,1,1,1,1,0,0,0,0,0,0,0,0,0,0,0,0,0,0,0,0,0,0,0,0,0,0,0,0,0,0,0,0,0,0,0,0,0,0,0,0,0,0,0,0,0,0,0,0,0,0,0,0,0,0,0,0,0,0,0,0,0,0,0,0,0,2,3,4,5,5,5,5,5,7,7,7,8,8,8,6,6,6,5,6,6,6,9,11,13,14,14,14,14,14,24,23,23,23,22
41,Coke,0,0,0,0,0,0,0,0,0,0,0,0,0,0,0,0,0,0,0,0,0,0,0,0,0,0,0,0,1,1,1,1,1,1,1,1,1,1,1,1,1,1,0,0,0,0,0,0,0,0,0,0,0,0,0,0,0,0,0,0,0,0,0,0,0,1,3,3,3,3,3,3,3,3,3,3,3,3,3,2,1,1,1,1,1,1,1,1,1,1,1,1,1,1,2,2,2,1,0,0,1,4,4,4,4,5,9,12,12,26,26,26,30,30,31,29,31,31,31,31,28,25,27,14,14
42,Coleman,0,0,0,0,0,0,0,0,0,0,0,0,0,0,0,0,0,0,0,0,0,0,0,0,0,1,1,1,1,1,2,2,2,2,2,2,2,2,2,1,1,1,1,1,0,0,0,0,0,0,0,1,1,1,1,1,1,2,2,2,1,1,1,1,1,0,0,0,0,0,0,0,0,0,0,0,0,0,0,0,0,0,0,0,0,0,0,0,0,0,0,0,1,1,2,2,2,1,0,0,0,2,2,2,2,2,2,1,1,2,2,2,1,0,0,1,0,0,0,0,3,5,4,4,4
43,Collin,272,304,331,330,324,332,339,335,321,338,313,306,185,183,148,135,141,149,168,179,183,186,186,195,195,228,244,234,233,249,248,253,248,287,285,287,266,287,278,285,290,284,288,302,305,301,296,300,313,279,287,292,292,323,341,356,324,330,354,373,377,369,355,432,432,245,235,311,318,335,451,513,608,664,693,809,837,858,952,1026,492,413,533,574,575,559,595,571,616,681,717,742,674,608,612,707,790,796,805,788,749,757,743,833,837,835,891,1258,1084,1194,1100,1093,1215,1382,1369,1394,1456,1471,1452,1452,1681,1745,1931,2084,2220
44,Collingsworth,0,0,0,0,0,0,0,0,0,0,0,0,0,0,0,0,0,0,0,0,0,0,0,0,0,0,0,0,1,1,1,1,1,4,4,4,4,4,4,4,4,4,3,3,3,3,3,1,1,2,2,2,2,2,2,2,2,2,2,2,2,2,2,1,1,0,0,0,0,0,0,0,0,0,0,0,0,0,0,0,0,1,1,1,1,1,1,1,1,1,1,1,1,1,1,0,0,0,0,0,0,0,0,0,0,0,0,0,0,0,0,0,0,0,1,1,1,1,1,1,1,2,5,5,5
45,Colorado,3,6,6,6,7,7,7,7,5,5,5,6,6,6,7,4,5,5,4,4,4,4,4,4,5,5,3,3,2,4,4,5,4,7,7,7,9,9,8,8,9,9,10,5,5,5,5,5,5,5,5,5,5,5,5,5,5,5,5,5,5,5,5,5,5,5,5,5,5,5,5,5,5,5,5,5,5,5,5,5,5,5,5,5,5,5,5,5,5,5,5,75,77,109,118,127,133,132,102,99,93,92,97,101,105,120,119,109,99,93,92,100,99,95,90,86,90,94,91,91,97,102,107,113,116
46,Comal,17,21,20,24,27,27,27,25,26,29,24,24,7,7,5,5,7,8,8,8,7,7,10,12,10,13,13,11,10,9,11,11,11,11,11,4,7,7,6,8,8,8,9,10,16,19,20,20,20,20,21,14,16,20,18,14,14,19,18,13,17,17,13,5,14,15,13,17,25,25,15,48,49,55,67,107,107,82,128,164,163,179,214,214,201,243,307,326,380,380,343,403,386,439,462,473,497,478,472,514,541,593,694,694,687,637,592,543,586,664,655,602,664,618,521,449,392,400,250,250,64,0,0,0,0
47,Comanche,3,3,3,3,3,3,3,3,2,2,2,2,2,2,1,1,1,1,1,1,1,1,1,0,0,0,0,0,0,0,0,0,0,0,0,0,0,0,0,0,0,0,2,2,2,7,7,7,7,6,6,6,8,9,9,9,7,7,7,3,3,3,3,4,4,4,3,2,2,2,4,4,4,4,3,3,3,2,2,2,2,3,3,3,4,4,5,7,7,7,7,7,11,11,7,7,7,5,9,11,9,10,19,19,17,19,14,28,27,39,37,27,13,19,21,18,17,17,6,6,0,2,0,1,1
48,Concho,0,0,0,1,1,1,1,1,1,1,1,1,1,1,1,1,1,0,0,0,0,0,0,0,0,0,0,0,0,0,0,0,0,0,0,0,0,0,0,0,0,0,0,0,0,0,0,0,0,0,0,0,0,0,0,0,0,0,0,0,0,0,0,0,0,0,0,0,0,0,0,0,0,0,1,1,1,1,1,3,4,6,6,6,8,8,8,8,9,9,9,9,9,10,9,7,7,9,8,8,10,10,8,8,8,10,11,9,11,11,10,9,10,10,8,9,11,11,11,11,8,8,8,8,8
49,Cooke,0,0,0,1,1,1,1,1,2,2,2,3,3,3,4,4,4,3,3,3,3,3,6,5,5,6,6,7,6,8,3,3,3,9,9,9,6,7,7,6,6,5,5,4,4,4,3,3,3,3,2,2,3,3,2,2,4,6,7,8,8,7,7,7,7,10,9,9,9,9,9,9,9,8,8,8,8,11,11,9,9,14,14,14,21,19,19,36,36,36,36,40,47,55,40,41,41,14,18,13,1,14,14,14,7,38,38,32,29,32,29,8,11,13,6,10,13,13,4,4,4,3,6,6,6
50,Coryell,10,11,16,17,33,33,33,33,59,68,68,71,70,68,74,75,71,88,76,77,77,77,95,142,142,144,146,146,164,174,180,184,180,187,185,188,193,192,193,196,196,194,197,195,196,196,196,196,195,197,197,189,192,191,241,242,244,247,245,245,246,243,243,250,253,249,252,251,252,252,252,254,253,254,254,259,264,269,270,269,275,274,275,277,278,278,282,36,35,30,26,21,37,41,55,78,80,81,155,92,93,96,163,106,105,114,128,142,155,141,165,179,175,183,184,194,203,197,196,196,189,193,371,378,153
51,Cottle,0,0,0,0,0,0,0,0,0,0,0,0,0,0,0,0,0,0,0,0,1,1,2,2,2,2,2,2,3,3,3,3,3,3,2,2,1,1,1,1,1,1,1,1,1,1,1,1,1,1,1,1,0,0,0,0,0,0,0,0,0,0,0,0,0,0,0,0,0,0,0,0,0,0,0,0,0,0,0,0,0,0,0,0,0,0,0,0,0,0,0,0,0,0,0,0,0,0,0,0,1,1,2,2,2,2,1,1,1,2,1,1,2,1,2,2,2,2,0,0,0,0,0,1,1
52,Crane,1,1,1,1,1,1,1,1,0,0,0,0,0,0,0,0,0,0,0,0,0,0,0,0,0,0,0,0,0,0,0,0,0,0,0,0,0,0,0,1,1,1,1,0,1,5,5,5,20,20,19,18,18,19,19,19,18,18,17,15,16,16,4,5,9,11,11,10,10,10,18,18,24,23,23,23,24,21,20,19,17,16,16,16,15,17,12,13,14,14,13,15,15,15,15,17,16,16,13,10,10,10,7,7,6,5,4,4,3,3,11,11,11,12,18,18,20,19,19,19,14,15,14,14,13
53,Crockett,0,0,0,0,0,0,0,0,0,0,0,0,0,0,0,0,0,0,0,0,0,0,0,0,0,0,0,0,0,0,0,0,0,0,0,0,0,0,0,0,0,0,0,0,0,0,0,0,0,0,0,0,0,0,0,0,0,0,0,1,1,1,1,4,5,5,5,5,5,5,5,5,5,4,4,4,4,2,1,1,1,3,3,4,5,6,7,9,9,9,9,11,12,14,25,29,28,30,32,31,60,72,84,84,91,101,103,110,111,102,104,102,105,106,91,83,72,72,67,67,57,51,41,44,44
54,Crosby,1,1,1,1,1,1,1,1,0,0,0,0,0,0,0,0,0,0,0,0,0,0,1,1,1,1,1,1,1,1,1,0,1,0,0,0,0,0,0,0,1,1,1,1,1,1,1,1,1,1,1,1,1,2,1,1,1,0,0,0,0,0,0,0,1,1,1,0,0,0,3,5,5,5,5,5,5,6,9,9,11,11,11,11,15,18,19,19,19,19,19,20,19,23,20,21,21,21,16,13,12,12,13,13,13,10,9,6,12,15,15,16,21,21,21,22,20,19,19,19,25,26,22,22,22
55,Culberson,0,0,0,0,0,0,0,0,0,0,0,0,0,0,0,0,0,0,0,0,0,0,0,0,0,0,0,0,0,0,0,0,0,0,0,0,0,0,0,0,0,0,0,0,0,0,0,0,0,0,0,0,0,0,0,0,0,0,0,0,0,0,0,0,0,0,0,0,0,0,0,0,0,0,1,1,1,3,3,3,3,3,3,3,3,3,3,3,2,2,2,2,2,4,4,3,3,3,4,4,5,8,10,10,10,9,9,7,8,8,7,7,8,8,7,4,3,3,3,3,4,5,4,4,4
56,Dallam,1,1,1,1,1,1,1,2,2,2,3,3,3,1,1,2,1,2,6,6,6,5,7,7,7,9,9,10,8,8,8,8,8,7,8,10,10,12,14,11,13,12,9,9,9,9,11,11,10,9,7,7,7,8,6,6,10,10,10,10,7,7,7,9,12,13,13,12,12,11,11,13,19,23,24,24,33,35,46,47,42,51,51,50,48,48,49,46,46,45,38,46,37,34,50,43,42,42,52,54,54,55,66,65,67,58,65,78,67,67,61,60,53,49,49,49,42,41,38,38,34,28,27,28,28
57,Dallas,1035,1111,1067,1122,1224,1273,1310,1326,1341,1370,1365,1412,1466,1493,1542,1544,1575,1563,1522,1502,1519,1544,1606,1613,1719,1796,1854,1984,2132,2291,2452,2623,2452,2965,3121,3279,3392,3523,3598,3631,3682,3673,3694,3684,3463,3600,3592,3551,3511,3466,3455,3439,3436,3462,3485,3531,3546,3581,3781,3733,3814,3916,3987,4054,4147,4245,4343,4458,4582,4654,4730,4796,4971,5091,5206,5327,5525,5702,5867,5982,6097,6289,6531,6822,7109,7412,7583,7929,8651,9389,10078,10869,11529,12175,12996,13711,14307,14964,15554,16004,16553,16943,17201,17283,17394,17375,17166,16660,16262,15900,16206,16016,15469,15358,15087,14680,14317,13994,13565,13565,12796,12768,12258,11906,11226
58,Dawson,4,4,4,4,5,4,6,5,5,5,9,9,9,10,10,10,14,14,13,16,14,14,14,17,14,16,16,15,17,18,15,15,15,12,12,12,14,12,15,16,16,16,12,13,13,12,12,12,11,12,11,10,8,7,7,7,7,7,9,9,8,8,8,7,7,7,6,5,5,5,4,3,1,1,1,1,1,1,1,1,1,1,1,1,8,8,15,13,24,24,24,24,23,28,21,29,29,23,25,24,28,35,36,36,36,28,27,24,34,34,31,19,19,18,23,16,20,20,17,17,15,16,16,18,18
59,Deaf Smith,5,5,5,5,5,5,6,9,9,9,9,7,8,6,8,8,11,15,15,15,18,17,17,22,22,25,25,27,26,29,26,28,26,41,38,44,68,65,91,85,86,84,93,97,99,107,105,94,93,85,68,71,50,55,53,52,43,41,39,37,39,40,40,47,53,48,58,64,59,59,65,62,64,65,61,60,69,73,75,81,88,84,84,83,80,93,109,116,134,134,127,131,137,150,139,141,140,140,134,136,129,119,110,110,118,124,131,121,126,130,132,131,135,142,163,178,187,185,175,175,171,182,188,186,184
60,Delta,0,1,1,1,1,1,1,1,1,1,1,1,1,1,1,0,0,0,0,0,0,0,0,0,0,0,0,0,0,0,0,0,0,0,0,0,0,0,0,0,0,0,0,0,0,0,0,0,0,0,0,0,0,0,0,0,0,1,1,1,1,1,1,1,1,1,1,1,1,1,1,1,1,2,2,2,2,2,3,3,3,3,3,4,4,3,5,4,4,3,3,3,3,3,3,3,4,4,3,3,3,3,3,4,5,4,5,5,5,5,5,4,4,5,4,5,5,7,5,5,5,5,5,4,4
61,Denton,306,335,335,351,335,344,339,343,345,351,350,356,328,328,323,338,306,309,324,343,349,347,355,361,355,373,385,389,388,404,403,421,403,449,439,398,409,423,440,462,466,476,489,496,523,544,559,563,573,567,581,588,618,626,649,663,682,686,701,719,730,747,756,711,728,669,660,711,741,752,775,801,850,916,969,1021,1058,1103,1179,1283,1357,1424,1469,1495,1550,1644,1724,1786,1927,2011,2044,2098,2132,2223,2229,2272,2295,2279,1765,1805,1882,1954,2036,2109,2079,2117,2218,2352,2447,2592,2667,2698,2723,2782,2837,2940,2984,3009,2911,2911,2861,2881,2882,2938,2938
62,De Witt,6,6,6,6,7,7,7,8,7,7,5,8,7,7,7,7,7,7,7,7,6,5,5,5,5,3,3,3,2,2,2,2,2,1,1,3,3,3,3,3,3,3,3,2,2,2,2,2,2,1,0,0,0,0,0,0,0,0,0,1,1,1,1,6,7,8,9,11,11,11,14,14,18,17,19,19,19,20,19,20,23,30,30,30,28,42,24,50,50,50,36,48,39,57,57,85,85,71,100,100,78,148,169,169,168,156,287,286,173,228,231,233,193,213,211,215,217,217,90,90,262,264,260,264,263
63,Dickens,0,1,1,1,2,2,1,1,1,1,1,1,1,1,1,0,0,0,0,0,0,0,0,0,0,0,0,0,0,0,0,0,0,0,0,0,0,0,0,0,0,0,0,0,0,0,0,0,0,0,0,0,0,0,0,0,0,0,0,0,0,0,0,0,0,0,1,1,1,1,1,1,1,1,1,1,1,1,1,1,0,0,0,0,0,0,0,0,0,0,0,0,0,0,0,0,0,0,0,0,2,2,2,2,2,2,2,2,2,2,1,1,1,1,0,0,0,0,0,0,0,0,0,0,0
64,Dimmit,0,0,0,0,1,1,1,1,1,1,1,1,1,1,1,1,1,1,0,0,0,0,0,0,0,0,0,0,0,0,0,0,0,0,0,0,0,0,0,0,0,0,0,0,0,0,0,0,0,0,0,0,0,0,0,0,0,0,0,0,0,0,0,0,0,0,0,0,0,0,0,0,0,2,2,2,2,2,2,4,8,10,10,10,12,12,10,10,10,8,7,12,9,15,16,14,21,18,18,17,18,27,33,34,34,5,2,12,18,23,23,17,20,38,40,26,29,29,21,21,84,79,75,74,74
65,Donley,7,13,14,21,23,22,22,22,22,22,19,19,17,17,18,14,13,7,6,6,6,6,6,6,6,7,7,6,5,5,4,4,4,4,4,2,1,1,2,1,1,1,2,1,1,1,1,0,0,1,1,1,0,1,1,0,0,0,1,1,1,1,1,1,1,1,2,2,2,2,2,1,0,0,0,0,0,0,0,0,0,0,0,0,0,0,0,0,0,0,0,1,1,1,1,5,5,5,6,6,7,7,8,8,8,7,9,9,10,7,7,7,10,11,10,10,10,10,10,10,10,11,12,12,12
66,Duval,0,0,0,0,0,0,0,1,1,1,1,1,1,1,1,1,1,1,2,2,2,1,1,1,1,2,2,2,2,2,2,2,2,3,3,3,3,3,3,2,2,2,2,3,2,2,1,1,1,1,1,1,1,1,1,1,1,0,0,0,0,0,0,0,0,0,0,0,0,0,0,0,0,0,0,0,0,1,2,3,4,5,10,15,36,45,49,45,45,44,49,52,37,39,42,43,48,51,43,34,39,41,35,43,43,44,41,42,46,45,53,53,66,69,66,62,56,56,57,57,46,48,44,33,36
67,Eastland,1,1,1,1,1,1,1,1,1,1,1,1,1,1,1,1,1,1,0,0,0,0,0,0,0,0,0,0,0,0,0,0,0,0,0,0,0,1,1,2,2,2,2,2,2,2,2,2,2,2,3,2,2,1,1,1,1,2,2,2,2,2,2,2,2,2,2,2,2,1,1,0,0,0,0,0,0,0,1,1,1,2,2,2,3,3,3,4,4,4,4,4,5,9,4,7,7,6,4,3,2,3,9,9,5,10,9,10,13,14,13,6,2,4,5,7,6,6,0,0,0,0,1,4,4
68,Ector,30,29,33,38,39,39,39,37,35,36,41,36,31,26,28,29,29,34,34,32,34,36,26,19,16,16,19,15,20,18,23,20,23,21,23,22,22,24,24,32,37,34,34,39,38,37,35,43,45,48,42,42,34,36,36,32,37,34,33,41,43,43,38,54,58,63,62,73,73,65,86,91,99,97,122,122,90,108,129,165,183,209,209,168,220,163,256,304,304,304,187,413,273,430,296,425,425,405,535,440,578,436,495,495,206,268,127,250,0,65,69,0,146,161,0,0,0,0,0,0,0,0,0,0,0
69,Edwards,0,0,0,0,0,0,0,0,0,0,0,0,0,0,0,0,0,0,0,0,0,0,0,0,0,0,0,0,0,0,0,0,0,0,0,0,0,0,0,0,0,0,0,0,0,0,0,0,0,0,0,0,0,0,0,0,0,0,0,0,0,0,0,0,0,0,0,0,0,0,0,0,0,0,0,0,0,0,0,2,2,2,2,2,2,2,2,2,2,2,2,2,2,2,2,4,10,10,10,10,11,13,13,14,14,2,2,4,4,6,6,3,3,1,3,2,2,2,1,1,12,9,9,10,10
70,Ellis,29,34,43,48,54,54,52,57,58,58,58,58,58,65,70,75,69,72,70,70,76,71,76,77,76,93,92,88,88,85,87,83,87,86,88,91,88,99,104,113,112,109,114,96,96,97,88,86,79,90,85,88,85,89,88,87,85,83,88,104,106,105,104,125,140,139,143,146,145,142,145,150,166,168,163,162,162,162,293,284,278,293,293,290,391,422,445,506,572,571,570,678,730,802,451,476,476,299,480,500,381,397,412,412,312,364,347,317,267,319,308,105,104,109,67,54,73,73,0,0,13,19,47,93,93
71,El Paso,119,144,175,207,225,239,258,261,302,333,382,398,430,453,451,478,514,542,512,583,605,552,548,472,484,484,490,502,493,499,477,517,477,605,622,596,629,622,745,728,777,804,816,770,832,945,970,1015,983,948,928,989,944,1008,1065,1010,953,863,847,882,942,996,917,989,951,953,916,982,1002,1014,925,863,886,905,1045,1177,1132,1194,1222,1309,1478,1549,1802,1817,1890,1959,2030,2168,2456,2272,2644,2599,2736,2899,3024,3250,3480,3470,3353,3382,3398,3413,3540,3778,3768,3612,3375,3176,3184,3274,3548,3086,3056,3103,3008,3129,3125,3333,3420,3420,3601,3661,3792,3817,3979
72,Erath,6,7,8,8,10,10,10,10,9,9,9,6,6,6,5,5,4,4,2,2,2,2,2,2,2,2,2,2,2,2,4,3,4,3,2,2,2,3,3,4,4,4,4,2,1,1,1,1,1,2,2,2,2,3,3,3,3,3,3,11,12,11,11,13,13,14,16,20,20,19,20,24,26,21,20,20,20,18,43,42,40,37,37,37,54,56,65,94,107,107,107,120,126,140,87,96,96,65,57,58,50,45,57,57,40,42,42,48,47,61,60,6,0,19,27,20,25,25,2,2,0,10,13,20,20
73,Falls,0,0,0,0,0,0,0,0,0,0,0,0,0,0,0,0,0,0,0,1,2,2,3,3,3,3,3,3,5,5,5,5,5,5,5,5,4,4,4,4,4,4,4,4,4,4,4,4,4,4,4,3,3,4,4,4,6,6,7,8,8,8,8,10,10,11,10,10,13,13,13,14,16,17,17,17,18,19,19,16,16,16,17,18,19,21,20,12,15,15,15,13,22,24,28,33,33,31,45,29,32,38,54,37,36,43,38,54,53,53,52,52,54,54,53,49,49,47,47,47,42,37,96,97,33
74,Fannin,1,3,3,4,4,4,4,4,4,4,3,5,5,6,7,9,10,9,11,11,12,13,14,14,14,13,13,13,12,11,11,11,11,9,8,7,8,8,8,7,7,6,8,8,8,13,13,12,12,15,14,14,14,17,17,17,14,14,14,10,11,11,11,15,16,17,17,16,16,16,14,17,23,22,21,21,21,16,30,29,29,26,26,26,35,34,34,47,50,50,50,59,46,54,21,23,23,21,24,28,17,25,25,25,17,24,24,19,16,21,22,10,15,23,23,14,14,14,2,2,6,3,5,9,9
75,Fayette,8,8,7,8,8,9,8,8,9,10,7,7,6,8,7,8,13,8,7,7,7,7,5,5,5,5,5,5,7,7,9,11,9,15,15,16,16,17,15,18,18,17,19,19,19,18,18,18,18,18,17,13,13,13,13,13,11,13,15,15,15,15,14,13,14,18,18,16,17,17,18,25,23,24,30,32,38,43,47,48,47,47,52,56,56,60,65,48,50,48,43,39,65,67,73,82,83,79,142,96,110,118,174,122,121,129,132,147,146,144,132,131,127,128,114,108,109,99,99,99,68,57,234,234,48
76,Fisher,0,0,0,0,0,0,0,0,0,0,0,0,0,0,0,0,0,0,0,0,0,0,0,0,0,0,0,0,0,0,0,0,0,0,0,0,0,0,1,1,1,1,2,2,2,1,1,1,1,1,1,1,0,0,0,0,0,0,0,0,0,0,0,0,0,0,0,0,0,0,0,0,0,0,0,0,0,0,0,0,0,3,3,3,3,3,6,8,8,9,9,9,6,6,6,8,8,8,3,5,5,3,9,9,9,8,9,7,7,7,7,6,6,6,4,5,5,5,5,5,6,6,6,8,8
77,Floyd,0,1,1,1,1,1,1,1,2,2,2,2,2,2,2,1,2,2,2,2,2,2,1,1,1,1,1,1,2,2,2,2,2,1,1,1,1,1,1,1,1,1,1,1,1,1,1,1,1,1,3,4,7,7,7,7,6,10,10,11,11,11,11,11,10,9,5,5,5,5,6,3,4,4,4,4,5,7,7,8,9,9,9,8,13,16,18,17,19,19,18,26,29,28,29,30,30,30,26,31,28,27,26,26,27,19,16,16,16,16,16,16,24,20,27,28,26,25,24,24,27,29,27,25,24
78,Foard,0,0,0,0,0,0,0,0,0,0,0,0,0,0,0,0,0,0,0,0,0,0,0,0,0,0,0,0,0,0,0,0,0,0,0,0,0,0,0,0,0,0,0,0,0,0,0,0,0,0,0,0,0,0,0,0,0,0,0,0,0,0,0,0,0,0,0,0,0,0,0,0,0,0,0,0,0,0,0,0,0,0,0,0,0,0,0,0,0,0,0,0,0,0,1,1,1,1,1,0,0,0,0,0,0,1,0,0,1,1,1,0,0,0,0,0,0,0,0,0,0,0,0,0,0
79,Fort Bend,289,373,387,406,427,445,431,437,483,458,465,536,653,681,684,686,748,765,771,778,811,809,822,857,881,900,945,992,973,1008,1042,1079,1042,1098,1107,1124,1115,1142,1135,1166,1191,1151,1135,1108,1118,1126,1114,1127,1136,1183,1145,1151,1143,1141,1156,1176,1139,1152,1169,1202,1287,1287,1250,1244,1280,1311,1298,1296,1321,1321,1305,1355,1526,1560,1713,1751,1866,1885,1906,1996,2086,2295,2365,2365,2346,2405,2449,2579,2700,2700,2701,2824,2868,2934,3002,2989,2900,2901,3087,3231,3302,3308,3526,3816,3778,3712,3844,3673,3779,3565,3603,3560,3533,3561,3634,3444,3439,3547,3548,3548,3824,4433,4547,4639,5020
80,Franklin,1,1,1,1,1,0,0,0,0,0,0,0,0,0,0,0,0,0,0,0,0,0,0,0,0,1,1,1,1,2,2,2,2,2,2,2,2,3,3,3,3,4,5,5,5,6,8,9,9,9,10,10,10,11,11,11,10,10,11,10,10,9,9,12,11,13,13,14,14,13,13,14,15,14,14,16,16,16,15,14,17,17,17,17,17,15,21,23,22,18,18,20,20,18,17,15,17,18,15,14,18,20,17,18,18,19,21,22,28,27,27,25,26,27,27,26,22,22,21,21,26,26,25,18,18
81,Freestone,0,0,0,0,0,0,0,0,1,1,1,3,3,3,3,3,3,0,0,0,3,3,2,2,4,4,5,5,5,5,5,5,5,5,5,5,5,6,5,5,5,5,5,5,5,5,7,7,7,7,5,5,5,5,5,5,5,5,3,3,4,4,3,3,4,3,6,6,6,6,8,8,10,9,9,10,10,11,11,12,14,11,11,19,18,19,21,17,17,16,22,21,41,45,48,55,54,48,63,57,63,64,79,65,61,71,57,64,63,66,67,66,69,68,60,58,58,56,56,56,49,48,143,138,41
82,Frio,0,1,1,1,1,1,1,1,1,1,1,1,1,1,1,0,0,0,2,2,2,3,6,6,6,7,9,9,9,9,24,24,24,31,31,31,28,28,28,28,27,27,27,27,15,15,8,9,9,9,9,9,9,8,8,8,8,7,7,10,10,15,12,16,18,18,21,28,43,43,43,43,49,80,91,95,95,95,107,107,120,123,107,107,121,147,108,105,113,102,97,98,96,148,152,192,190,186,184,187,187,186,193,220,217,0,0,18,13,16,13,0,0,0,0,0,0,0,6,6,139,116,117,121,121
83,Gaines,1,0,0,0,0,0,1,1,1,1,1,1,1,1,1,1,1,1,1,1,0,0,0,0,0,0,0,0,1,1,1,1,1,1,1,2,2,2,3,3,3,3,3,3,3,3,3,3,3,2,3,3,3,3,3,3,2,2,2,2,3,3,3,4,3,3,3,8,8,8,7,7,7,7,6,6,6,6,6,7,7,3,2,2,3,3,13,11,13,13,12,14,20,23,20,24,24,14,15,15,15,20,23,23,23,14,19,22,31,31,31,31,44,50,54,53,66,66,59,59,68,64,65,68,68
84,Galveston,241,250,260,269,294,308,291,294,296,294,303,315,242,230,233,232,227,224,239,254,232,221,213,220,229,243,257,254,250,249,247,247,247,251,248,241,235,231,229,231,236,236,236,238,242,243,250,259,262,263,267,280,287,287,299,309,339,334,345,375,366,432,438,470,475,493,517,569,640,658,680,722,820,835,942,1084,1146,1210,1264,1490,1562,1814,1968,2041,2148,2325,2519,2681,2893,2893,2771,3242,3368,3487,3623,3929,4172,4083,4281,4280,4342,4421,4705,4912,4727,4855,4879,4919,4950,5070,5181,4984,4992,5031,5056,5070,5184,5283,5183,5183,5250,5212,5171,5230,5315
85,Garza,0,0,0,0,0,0,0,0,0,0,0,0,0,0,0,0,0,0,0,0,0,0,0,1,1,3,3,3,3,3,3,3,3,3,3,4,4,3,3,2,2,2,2,2,2,2,3,3,3,2,2,2,2,2,2,2,2,2,2,2,1,1,1,1,2,1,1,1,1,1,2,1,1,1,1,1,1,1,0,5,5,6,6,6,5,5,5,5,5,5,5,7,11,9,9,9,9,9,10,27,46,46,48,48,48,68,65,70,71,75,76,75,74,61,45,46,45,45,45,45,30,24,23,20,19
86,Gillespie,1,1,1,1,1,1,1,1,1,0,0,0,0,0,0,0,0,0,0,0,0,0,0,0,1,2,2,3,3,3,3,3,3,3,3,3,3,3,2,1,1,1,2,2,2,2,2,2,2,2,2,2,2,2,2,2,1,0,0,0,0,0,0,0,0,0,0,1,1,1,4,4,5,11,12,12,12,18,24,28,28,27,27,27,34,34,18,18,21,19,18,20,24,26,34,36,36,35,33,38,41,48,88,91,91,22,0,7,15,19,17,13,14,8,14,13,11,11,12,12,54,48,38,34,34
87,Glasscock,0,0,0,0,0,0,0,0,0,0,0,0,0,0,0,0,0,0,0,0,0,0,0,1,1,1,1,1,1,1,1,1,1,1,1,1,1,0,0,0,0,0,0,0,0,0,0,0,0,0,0,0,0,0,0,0,0,0,0,0,0,0,0,0,0,0,0,1,1,1,2,2,4,4,4,4,4,4,4,4,4,3,3,3,2,2,1,1,1,1,1,1,2,2,2,2,2,2,2,2,2,2,1,1,1,1,0,0,0,0,0,0,0,0,0,0,0,0,0,0,0,0,0,0,0
88,Goliad,3,3,3,4,4,4,4,4,5,4,4,4,4,3,4,4,4,3,3,4,4,4,3,3,3,3,3,3,2,2,2,2,2,1,1,1,1,1,1,1,0,0,0,0,0,0,0,0,0,0,0,0,0,0,0,0,0,0,0,0,0,0,0,0,0,0,0,0,0,0,0,0,0,0,0,0,0,0,0,1,1,5,5,5,7,7,8,8,8,8,7,8,5,7,10,12,15,15,14,14,13,13,13,13,13,16,31,26,15,19,19,21,0,0,0,0,0,0,46,46,28,24,20,28,28
89,Gonzales,1,1,2,2,2,2,2,2,1,1,1,1,1,1,1,2,2,2,5,9,9,10,14,16,17,19,23,26,27,26,26,26,26,42,48,47,47,53,55,57,59,62,61,62,64,65,58,48,43,43,49,52,57,58,62,57,59,67,66,67,69,71,71,73,66,56,49,54,48,47,47,41,43,67,75,75,75,75,88,91,100,96,95,93,101,99,75,75,80,76,74,80,77,76,73,78,103,100,98,103,136,168,179,180,180,18,0,24,39,41,39,22,37,36,43,24,28,28,26,26,182,176,162,162,162
90,Gray,9,11,12,12,13,13,13,13,12,15,15,13,13,10,13,13,17,22,25,27,27,28,32,34,45,44,44,53,52,52,50,46,50,43,43,43,41,37,39,42,42,36,35,34,32,32,31,30,29,27,25,25,16,16,15,12,12,11,12,13,14,13,12,12,13,14,18,16,16,16,12,10,11,9,9,9,9,9,8,7,4,5,5,5,5,8,7,9,10,10,10,10,14,14,18,21,20,20,19,19,21,20,20,20,21,20,18,18,22,21,22,23,30,31,37,48,51,50,50,50,70,76,73,73,72
91,Grayson,13,13,13,15,15,15,12,11,13,10,9,9,7,7,7,6,4,2,5,5,5,6,9,13,16,20,23,31,35,39,34,48,34,54,52,57,57,62,67,74,81,79,89,122,179,173,181,176,174,173,118,98,94,84,85,64,44,49,41,52,53,55,47,50,44,55,52,75,74,78,73,92,88,97,86,107,108,65,65,69,40,45,46,26,28,34,38,45,58,61,40,30,58,69,46,67,62,65,49,54,57,71,79,79,61,63,61,61,65,66,69,63,33,51,46,38,49,59,51,51,67,88,74,89,51
92,Gregg,19,21,33,34,36,36,35,41,41,42,42,40,41,43,36,35,27,28,27,31,34,32,31,34,41,46,45,45,54,62,62,69,62,64,58,69,73,72,70,91,91,91,86,73,79,75,77,76,76,64,72,72,70,57,57,56,76,84,82,80,83,81,80,93,85,83,82,75,74,74,61,60,64,65,61,62,60,53,55,55,71,68,74,73,84,93,231,111,106,259,259,313,493,523,539,573,573,573,637,689,727,730,788,756,756,841,870,895,909,939,936,939,993,1007,1011,1026,1018,1017,1016,1016,1050,1058,1078,1028,1027
93,Grimes,2,4,3,4,4,5,5,5,5,6,7,7,7,7,6,4,5,7,7,7,9,10,10,13,13,15,16,16,16,19,19,31,19,36,33,33,43,45,52,54,54,54,54,77,79,82,85,85,86,90,97,98,99,105,199,201,202,210,209,209,220,224,224,227,234,234,249,249,252,249,255,261,264,259,260,272,274,282,282,290,304,307,310,321,479,505,510,277,282,271,270,280,320,332,325,320,320,312,212,206,204,206,261,219,221,221,215,217,220,225,205,206,214,190,190,188,157,137,141,141,119,98,383,383,92
94,Guadalupe,39,42,40,41,41,41,39,38,36,37,35,32,35,36,29,27,27,26,29,28,28,27,38,36,36,40,36,36,34,32,33,35,33,32,33,34,26,27,31,31,33,33,34,33,33,36,36,33,32,30,31,32,30,31,29,29,29,27,32,31,32,32,31,31,33,34,37,40,45,44,47,54,50,141,170,182,181,274,321,414,428,479,475,475,531,529,429,454,534,519,518,551,525,515,522,565,595,577,565,619,668,692,779,794,794,0,0,0,0,0,0,0,0,0,0,0,0,0,0,0,308,288,267,236,234
95,Hale,7,7,8,7,8,8,8,8,8,8,4,4,3,3,5,4,3,6,6,6,5,10,6,7,6,7,10,10,10,9,15,14,15,14,10,11,8,8,9,6,7,6,11,11,10,13,11,12,12,4,5,5,5,5,6,6,1,3,3,3,3,2,3,3,8,7,16,16,25,22,35,45,41,49,62,66,51,85,76,104,125,125,125,62,111,116,174,229,302,302,161,253,218,265,259,312,312,241,202,204,236,249,183,231,231,144,119,170,180,154,181,150,101,159,152,154,166,166,88,88,119,132,113,140,140
96,Hall,0,0,0,0,0,0,0,0,0,0,0,0,0,0,0,0,0,0,0,0,0,0,0,0,0,0,0,0,0,0,0,0,0,0,0,0,0,0,0,0,0,0,0,1,1,1,1,2,2,2,2,2,2,2,2,2,2,1,1,1,1,0,0,0,0,0,0,0,0,0,0,0,0,0,0,0,0,0,0,0,0,0,0,0,0,0,0,0,0,0,0,0,0,0,0,0,0,0,0,0,0,0,0,0,0,0,2,2,3,4,4,4,5,5,6,6,6,6,6,6,6,6,7,6,6
97,Hamilton,1,1,1,1,2,2,2,2,3,3,5,5,5,5,4,4,4,4,3,3,3,3,3,3,1,1,1,1,1,1,4,5,4,5,4,4,3,4,4,4,4,3,3,3,3,2,2,2,2,2,2,2,1,2,2,2,2,2,3,3,3,3,3,4,4,4,4,4,4,4,8,11,11,11,10,10,11,11,11,11,10,10,10,11,11,11,11,5,6,6,5,5,9,11,11,15,15,14,25,21,21,22,32,24,24,26,25,23,24,23,24,25,23,19,19,17,17,14,14,14,10,11,63,65,34
98,Hansford,1,1,1,1,1,1,1,1,1,1,1,1,1,0,0,0,1,1,3,3,3,4,4,5,5,5,6,5,8,8,7,8,7,7,7,7,7,8,8,9,8,9,7,8,9,8,8,8,8,7,6,5,5,5,5,5,5,5,4,4,3,3,3,3,4,4,4,3,3,3,5,4,4,4,4,4,3,4,4,6,7,8,8,8,6,6,9,9,9,9,9,8,8,6,6,9,8,8,11,13,13,13,14,14,14,15,16,16,17,14,14,14,13,21,20,20,19,19,18,18,16,22,25,29,29
99,Hardeman,0,0,0,0,0,0,0,0,0,0,0,0,0,0,0,0,0,0,0,0,0,0,0,0,0,0,0,0,0,0,0,0,0,0,0,0,0,0,0,0,0,0,0,0,0,1,1,1,1,1,1,1,1,1,1,1,1,2,2,2,2,2,2,3,3,3,3,3,3,3,3,2,2,2,2,2,2,1,1,1,1,1,1,1,2,2,2,2,2,1,1,1,1,1,0,0,0,0,1,1,1,1,1,1,0,1,1,1,1,2,2,1,3,4,3,3,3,3,0,0,0,0,0,1,1
100,Hardin,27,38,38,37,41,53,53,50,53,54,55,55,51,51,61,55,57,56,53,41,41,45,45,43,43,46,41,41,40,37,34,35,34,33,33,30,26,23,23,21,20,20,14,17,15,19,26,24,24,24,24,25,26,24,23,23,22,19,23,20,10,10,10,10,12,11,11,12,12,12,13,21,19,30,35,34,34,55,63,69,69,73,73,73,87,102,89,92,92,92,76,83,107,116,163,198,198,198,194,278,250,286,286,286,277,322,374,386,397,419,418,341,388,409,421,416,426,426,377,377,442,458,468,494,494
101,Harris,1745,2017,2164,2852,3039,3166,3167,3254,3316,3366,3485,3519,3495,3589,3639,3738,3672,3692,3763,3814,3800,3744,3809,3863,3964,4065,4137,4201,4215,4299,4315,4335,4315,4619,4568,4784,4918,5017,5058,5220,5359,5589,5627,5738,5830,5886,6011,6199,6306,6295,6491,6658,6771,6888,7076,7065,7351,7576,7723,7921,8104,8553,8633,8826,8952,8984,9075,9223,9520,9534,9893,10122,10310,10401,11360,12404,12326,14048,15077,16126,16953,17877,18666,18507,19652,20031,21125,22021,22927,23450,23996,24875,26048,26414,26969,27617,29326,30566,30679,31768,32661,33733,34845,35784,36528,37422,38246,39111,40116,40816,41528,42571,42857,43583,44455,45618,26954,28874,30412,30412,31975,32582,32970,33088,33973
102,Harrison,9,9,11,10,10,14,14,18,31,30,36,38,39,40,50,51,51,59,59,58,73,68,56,69,76,82,99,96,97,107,112,118,112,119,107,111,114,106,92,85,69,69,62,53,58,51,49,49,51,46,51,51,53,58,57,54,53,54,45,43,40,37,33,32,27,26,32,29,28,29,26,25,19,17,19,20,20,19,21,21,22,25,23,23,43,48,58,63,66,67,91,108,110,111,115,114,138,142,128,134,156,159,120,121,129,129,133,146,164,163,179,161,176,183,156,161,134,135,121,121,141,149,170,148,149
103,Hartley,0,0,0,0,0,0,0,0,0,0,0,0,0,1,1,1,2,4,4,4,4,4,4,4,5,5,5,4,5,4,3,2,3,3,3,4,4,4,3,3,3,3,4,5,5,5,4,4,4,3,3,3,3,3,3,4,2,2,2,2,2,2,2,2,2,2,2,2,2,2,2,2,2,2,1,1,1,1,1,1,9,9,9,9,13,15,18,23,23,23,23,23,27,32,36,35,35,35,36,36,32,30,36,36,39,40,37,35,31,34,36,36,32,30,32,31,25,25,22,22,19,20,16,15,14
104,Haskell,0,0,0,0,0,0,0,0,0,0,0,0,0,0,0,0,0,0,0,0,0,0,0,0,0,0,0,0,0,0,0,0,0,0,0,0,0,0,1,1,1,1,2,2,2,2,2,2,2,2,2,2,2,2,2,2,1,1,1,1,1,1,1,1,1,1,2,2,2,2,1,1,1,1,1,1,1,1,1,1,0,0,0,0,1,1,1,1,1,1,1,2,2,3,1,1,1,0,2,10,11,24,16,16,16,17,16,14,16,18,18,1,1,0,0,0,0,0,0,0,3,2,1,1,1
105,Hays,53,55,70,69,72,72,69,63,63,74,72,70,68,65,61,90,81,68,76,76,70,76,69,68,67,69,66,57,65,65,58,77,58,84,84,59,67,70,72,72,72,64,62,80,89,98,105,109,109,106,115,129,130,144,144,129,144,154,168,168,168,168,147,186,203,224,303,402,402,401,611,758,895,1054,1157,1214,1317,1469,1593,1772,1852,1992,2045,2158,2183,2329,2423,2549,2566,2587,2553,2602,2637,2711,2743,2835,2868,2851,2888,2905,2954,2972,3018,3018,2966,3023,2984,2946,2937,2977,2973,2927,2924,2901,2874,2893,2892,2892,2284,2284,2808,2806,2777,2800,2799
106,Hemphill,1,1,1,1,1,1,1,1,1,1,1,0,0,0,0,0,0,0,0,0,0,0,0,0,0,0,0,0,0,0,0,0,0,0,0,0,0,0,0,0,0,0,0,0,0,0,0,0,0,0,0,0,0,0,0,0,0,0,0,0,0,0,0,0,0,0,0,0,0,0,0,1,1,1,1,1,2,2,2,4,5,6,6,6,6,6,8,12,13,13,12,12,14,14,15,14,14,14,16,15,14,11,11,11,11,11,13,13,16,17,17,17,17,19,21,22,21,21,21,21,17,17,13,12,11
107,Henderson,1,4,6,8,10,10,10,10,10,11,11,12,12,12,14,16,17,16,14,16,16,16,15,15,15,18,17,17,20,18,16,18,16,21,21,25,26,25,26,24,23,23,21,20,21,21,23,18,18,14,14,15,12,12,12,12,13,15,16,15,15,14,14,17,16,17,19,24,24,24,24,24,28,32,32,32,32,34,35,37,44,39,40,40,50,56,66,71,68,91,91,118,137,147,152,178,178,178,240,232,238,262,276,276,276,325,339,361,353,333,332,332,350,358,374,401,407,407,407,407,437,449,460,407,407
108,Hidalgo,111,110,132,136,166,165,167,167,179,173,169,170,183,179,175,182,167,170,151,149,151,145,133,134,137,137,138,132,131,130,134,143,134,161,158,153,160,161,154,162,162,176,181,183,182,179,189,189,204,182,194,215,184,192,204,210,202,213,216,261,247,268,266,298,328,336,386,441,441,512,518,643,697,753,861,819,928,1098,1297,1586,1741,1918,1789,2167,2360,2759,2943,2864,3141,2906,3452,2889,2635,2895,3121,4322,4569,4874,4511,4666,4255,4635,5356,5518,6713,6996,7058,6470,6882,7423,7635,7185,7408,7103,6164,5980,6273,4512,4813,4813,4774,4430,4271,4680,4077
109,Hill,5,6,6,8,8,8,7,7,6,6,7,5,5,5,6,6,11,12,12,12,9,9,10,10,10,10,11,11,12,12,9,10,9,10,10,11,10,11,11,11,11,10,11,11,11,12,11,11,11,11,10,9,9,9,9,9,9,9,10,11,12,14,14,14,14,17,18,20,20,20,22,25,28,29,30,30,31,32,32,33,40,40,41,48,48,52,56,33,33,33,37,36,71,82,86,90,91,85,135,113,115,126,175,132,129,135,112,118,121,139,139,139,162,148,144,136,138,131,129,129,123,108,293,294,81
110,Hockley,7,7,7,7,6,7,7,7,8,8,9,9,8,8,8,9,8,9,9,8,8,8,6,6,7,6,6,6,6,5,3,3,3,2,2,2,4,3,3,4,4,4,5,8,9,8,8,8,7,7,5,5,5,5,5,5,4,1,1,1,1,1,2,1,1,2,2,2,2,2,2,3,3,3,3,2,3,3,6,5,8,8,8,8,10,21,27,31,39,39,39,57,64,64,65,74,74,74,73,64,64,65,66,66,67,54,57,59,63,65,64,64,70,73,76,76,70,67,65,65,62,64,65,60,58
111,Hood,9,9,10,9,10,10,10,9,9,9,7,7,7,7,6,6,5,5,4,4,4,3,3,3,4,5,5,5,4,4,4,3,4,3,3,4,5,5,5,3,3,3,4,5,5,5,5,5,5,6,5,5,6,6,6,6,6,5,5,9,9,9,9,5,5,5,8,8,8,8,8,8,8,5,5,5,5,6,15,15,13,15,15,15,27,33,49,58,86,86,86,103,111,119,66,82,82,49,65,58,46,56,61,61,34,29,34,42,28,42,41,0,0,6,2,14,25,24,0,0,6,17,28,33,33
112,Hopkins,3,3,3,3,3,3,2,2,2,2,2,2,1,1,1,1,1,1,1,1,1,1,1,1,0,2,2,2,2,2,3,3,3,4,4,4,4,4,4,2,2,2,2,5,6,9,9,8,10,11,14,17,17,19,19,19,19,17,16,15,16,17,15,23,21,20,20,19,19,19,22,21,21,23,22,22,22,16,16,16,17,18,17,16,16,23,28,27,27,21,21,25,28,27,30,28,30,35,24,33,49,53,54,54,59,64,65,70,72,74,79,73,75,75,60,64,50,50,40,40,54,58,64,53,54
113,Houston,0,0,0,0,0,0,0,0,0,0,0,0,1,1,1,1,4,4,4,4,4,5,5,5,6,7,6,6,7,8,7,7,7,10,10,10,17,67,69,70,70,73,75,74,73,31,32,29,29,28,22,0,0,0,52,50,48,61,79,118,117,117,117,118,119,111,110,110,61,51,41,31,16,10,11,11,11,24,27,27,28,28,27,25,32,33,126,25,30,128,128,21,20,20,20,17,26,33,23,27,24,30,31,37,39,44,46,51,56,58,54,44,43,45,42,37,34,34,31,31,88,75,77,70,18
114,Howard,0,0,0,1,0,0,0,0,0,0,0,0,0,0,0,0,1,2,3,3,3,3,3,3,3,3,3,3,4,5,4,3,4,3,3,2,3,3,3,3,3,3,3,1,1,1,1,1,1,0,0,1,2,2,2,2,3,3,3,3,3,3,3,9,11,11,10,10,10,10,15,16,16,16,18,18,19,16,17,18,18,18,18,18,20,19,22,21,20,20,20,30,33,35,35,37,36,36,35,40,42,48,50,50,50,48,50,56,58,65,64,64,64,62,76,73,76,76,75,75,69,63,63,57,55
115,Hudspeth,0,0,0,0,0,0,0,0,0,0,0,0,0,0,0,0,0,0,0,0,0,0,0,0,0,0,0,0,0,0,0,0,0,0,0,0,0,0,0,0,0,0,0,0,0,0,0,0,0,1,1,1,1,2,2,2,2,2,3,4,4,4,4,3,10,10,11,11,11,11,11,11,12,11,11,11,11,11,5,5,5,4,4,4,4,4,4,4,4,4,4,4,4,4,4,4,3,3,4,3,3,3,3,3,2,2,2,2,2,3,1,1,0,0,0,0,3,3,2,2,2,3,3,3,3
116,Hunt,0,13,14,14,15,17,16,17,17,20,17,17,23,29,32,18,16,19,20,21,24,27,27,19,22,23,15,14,17,19,19,21,19,22,22,12,12,12,20,20,20,20,22,21,23,23,25,24,24,25,25,25,28,31,37,37,38,39,44,54,55,62,62,62,73,88,103,115,115,115,115,147,153,157,176,188,188,188,209,211,244,244,272,272,272,322,348,363,391,391,391,453,452,473,410,438,461,461,461,504,412,429,371,398,398,389,437,379,393,386,389,389,389,412,331,341,368,378,344,344,349,381,295,340,340
117,Hutchinson,2,2,2,2,2,2,3,3,3,6,6,5,5,6,6,6,7,8,9,9,11,11,11,9,9,8,10,10,13,13,11,11,11,12,10,11,14,13,13,13,12,14,14,15,14,11,11,12,11,10,8,12,14,13,13,11,15,14,16,18,17,16,16,16,16,13,11,12,11,11,6,8,7,8,8,7,10,12,13,14,14,15,15,14,19,20,23,22,22,22,20,19,18,18,18,19,19,19,22,23,23,23,25,25,25,28,29,32,36,35,34,34,30,28,28,29,28,27,26,26,28,26,24,26,26
118,Irion,0,0,0,0,0,0,0,0,0,0,0,0,0,0,0,0,0,0,0,0,0,0,0,0,0,0,0,0,0,0,0,0,0,0,0,0,0,0,0,0,0,0,0,0,0,0,0,0,0,0,0,0,0,0,0,0,1,1,1,1,1,1,1,1,1,1,1,1,1,1,0,0,0,0,0,0,0,0,0,0,0,1,1,1,1,1,1,1,1,1,1,1,1,2,2,1,1,1,1,1,2,2,2,2,2,2,2,2,3,4,4,3,4,4,4,4,5,5,5,5,5,5,4,3,3
119,Jack,0,0,1,1,1,1,1,2,3,3,3,3,3,3,4,4,3,3,3,3,3,2,2,2,2,2,2,2,1,1,1,1,1,1,1,1,1,1,1,0,0,0,0,0,0,0,0,0,0,0,0,0,0,0,0,0,0,0,0,0,0,0,0,0,0,0,0,0,0,0,0,0,0,0,0,0,0,2,3,3,3,3,3,3,5,7,7,7,8,8,8,6,6,6,2,2,2,0,1,1,1,2,2,2,1,6,9,9,8,9,9,4,3,2,1,5,6,6,1,1,3,7,10,13,13
120,Jackson,4,4,3,3,3,3,3,3,3,2,2,2,2,2,3,3,3,3,3,3,3,3,3,3,5,7,11,10,9,9,9,9,9,8,8,9,9,1,1,1,1,1,1,1,1,1,1,1,1,1,1,1,1,1,1,1,1,1,1,1,1,1,1,1,1,1,1,1,1,1,1,1,1,1,1,1,1,1,1,1,1,1,1,1,1,1,1,1,1,1,1,28,26,29,35,45,45,45,46,53,77,86,130,103,103,17,13,23,33,41,39,0,7,1,47,16,17,16,2,2,238,232,229,226,225
121,Jasper,2,2,2,3,7,7,7,7,6,4,4,4,4,5,8,8,8,8,4,6,6,6,7,10,10,12,12,11,9,9,9,10,9,8,8,8,7,5,9,7,7,7,10,10,10,10,11,11,11,11,11,10,7,8,8,7,5,5,5,4,4,4,4,5,6,6,6,5,5,5,4,5,5,5,6,7,7,9,10,12,12,12,20,20,20,20,21,28,26,30,30,38,38,39,39,39,40,40,49,57,60,60,61,61,62,26,25,27,0,83,90,94,58,71,57,50,55,55,54,54,54,56,52,49,49
122,Jeff Davis,0,0,0,0,0,0,0,0,0,0,0,0,0,0,0,0,0,0,0,0,0,0,0,0,0,0,0,0,0,0,0,0,0,0,0,0,0,0,0,0,0,0,0,0,0,0,0,0,0,0,0,0,0,0,0,0,0,0,0,0,0,0,0,0,0,0,0,0,0,0,0,0,0,0,0,0,0,0,0,0,1,1,1,1,4,4,4,4,4,4,4,4,4,5,4,4,4,4,2,3,3,3,3,3,3,4,4,3,3,4,4,4,4,3,3,3,2,2,2,2,2,2,2,1,1
123,Jefferson,74,72,76,83,85,82,104,114,112,112,118,135,119,124,127,137,145,147,149,171,154,165,169,171,162,166,165,160,153,149,134,142,134,138,140,126,131,124,151,148,146,141,147,151,156,153,146,145,144,145,136,145,125,124,133,137,137,147,146,155,166,163,158,171,703,693,722,725,716,719,739,763,781,782,800,797,796,832,441,470,460,532,540,539,657,710,1047,1324,1810,1810,1795,2016,2104,2224,2414,2482,2498,2478,2569,2760,2355,2435,2537,2542,2465,2595,2595,2488,2084,2160,2175,2273,2367,2248,2113,2000,2028,2038,1896,1896,1632,1613,1562,1521,1527
124,Jim Hogg,0,0,0,0,0,0,0,0,0,0,0,0,0,0,0,0,1,1,1,1,1,3,3,3,3,3,3,3,3,3,2,2,2,2,2,1,1,1,1,2,2,2,2,2,2,2,2,2,1,1,1,1,1,0,0,0,0,0,0,0,0,0,0,0,0,0,0,0,0,0,0,0,2,2,4,5,5,5,5,6,8,9,9,10,11,11,10,4,6,7,9,10,11,13,17,17,18,18,15,22,23,15,15,15,15,15,16,13,10,12,13,12,13,12,11,12,13,13,13,13,8,6,14,14,10
125,Jim Wells,2,2,2,2,2,2,2,2,2,1,1,0,0,0,0,0,0,0,1,1,1,1,1,1,1,2,3,3,3,3,3,3,3,4,4,4,4,4,4,5,5,5,5,4,5,5,4,3,3,3,3,3,3,2,2,2,2,5,4,4,5,5,5,5,7,6,8,8,9,9,9,8,10,10,10,15,22,34,36,42,51,66,89,108,126,130,147,118,125,120,121,119,112,111,129,87,97,102,144,176,198,213,225,210,200,221,224,216,207,238,248,260,261,264,255,255,251,268,271,271,239,251,209,201,208
126,Johnson,21,22,22,21,21,21,21,24,24,23,22,22,22,24,25,27,30,32,34,34,34,34,35,35,35,46,45,44,45,50,50,49,50,46,49,51,50,56,58,62,61,60,70,58,58,60,59,58,55,58,58,59,64,64,63,63,53,46,46,54,54,53,52,65,68,68,72,71,70,69,67,79,82,78,75,74,73,70,113,108,101,155,155,153,216,218,244,288,315,315,314,302,448,493,265,284,284,198,245,248,167,168,190,190,130,155,145,124,129,184,170,74,144,147,102,85,126,125,0,0,0,0,0,40,40
127,Jones,0,1,1,2,2,2,2,2,2,3,3,3,3,3,3,2,3,5,11,11,11,11,35,35,35,60,60,76,76,82,81,81,81,81,84,85,71,80,80,62,62,49,52,49,66,65,61,61,58,23,18,232,263,309,304,304,507,531,516,513,513,512,512,538,537,356,330,291,290,288,123,83,83,78,117,117,114,68,68,71,71,82,82,38,36,41,39,42,0,0,0,0,0,0,581,581,581,7,9,13,0,15,17,17,1,24,20,42,24,14,14,7,4,5,4,9,7,7,0,0,10,16,45,12,12
128,Karnes,2,2,1,1,1,0,0,1,1,1,1,1,1,1,1,1,1,1,1,1,1,0,0,0,0,0,0,0,0,0,0,0,0,0,0,0,1,1,1,1,1,1,2,1,1,1,1,1,1,1,0,0,0,1,1,1,0,0,0,0,0,0,0,0,0,0,0,0,0,0,0,3,3,7,10,10,10,10,11,13,15,17,17,17,25,42,34,34,35,32,30,35,36,37,41,55,56,56,61,63,65,69,124,125,125,80,65,64,79,82,75,28,43,30,57,49,80,80,70,70,239,395,383,450,449
129,Kaufman,12,14,17,22,24,24,26,30,30,29,31,34,34,37,37,38,43,43,50,50,51,49,56,58,54,52,52,53,55,57,57,59,57,55,56,61,60,63,68,80,80,77,80,75,79,83,78,78,73,83,77,78,87,89,88,87,86,80,84,96,104,103,102,94,125,129,126,125,124,123,127,127,125,120,112,110,108,116,205,200,192,213,213,212,271,308,352,390,423,423,421,475,427,480,180,199,199,122,176,180,153,204,218,218,171,170,168,178,148,202,190,38,47,29,33,0,77,74,0,0,7,31,52,84,84
130,Kendall,9,7,7,7,5,5,5,6,8,8,8,7,6,7,7,7,8,7,8,7,7,6,4,3,3,3,3,3,4,4,4,4,4,4,4,5,5,5,5,6,5,5,7,8,7,7,6,6,6,5,9,9,9,9,9,9,8,9,9,10,10,10,10,10,9,9,9,8,9,9,8,7,7,14,13,13,13,16,23,25,25,28,27,27,32,32,15,16,36,35,33,36,32,29,25,29,34,33,33,32,34,34,41,43,43,0,0,0,0,0,0,0,0,0,0,0,0,0,1,1,30,29,26,25,25
131,Kenedy,0,0,0,0,0,0,0,0,0,0,0,0,0,0,0,0,0,0,0,0,0,0,0,0,0,0,0,0,0,0,0,0,0,0,0,0,0,0,0,0,0,0,0,0,0,0,0,0,0,0,0,0,0,0,0,0,0,0,0,0,0,0,0,0,0,0,0,0,0,0,0,0,0,0,0,0,0,0,0,0,0,0,0,0,0,0,0,1,1,1,0,0,0,0,0,0,2,2,2,2,2,2,2,2,1,1,1,1,1,0,1,1,0,0,0,0,1,1,1,1,1,1,1,1,1
132,Kent,0,0,0,0,0,0,0,0,0,0,0,0,0,0,0,0,0,0,0,0,0,0,0,0,0,0,0,0,0,0,0,0,0,0,0,0,0,0,0,0,0,0,0,0,0,0,0,0,0,0,0,0,0,0,0,0,0,0,0,0,0,0,0,0,0,0,0,0,0,0,0,0,0,0,0,0,0,0,0,0,0,0,0,0,0,0,0,0,0,0,0,0,0,0,0,0,0,0,0,0,0,0,1,1,1,1,1,1,1,1,1,1,0,0,0,0,0,0,0,0,1,1,1,1,1
133,Kerr,2,2,2,2,2,2,2,2,2,3,2,2,2,2,2,2,3,3,3,4,3,3,3,2,2,2,2,2,1,2,2,3,2,4,5,5,5,6,6,6,5,5,5,5,5,6,5,8,8,8,9,8,9,9,10,10,11,10,10,8,8,5,5,5,4,4,3,3,2,2,1,1,1,14,15,15,15,24,31,47,51,53,52,52,57,70,50,51,53,50,36,35,33,44,49,57,104,104,99,101,132,133,150,163,163,5,0,5,22,28,25,13,13,11,22,11,11,11,18,18,134,131,115,111,111
134,Kimble,0,0,0,0,0,0,0,0,0,0,0,0,0,0,0,0,0,0,0,0,0,0,0,0,0,0,0,0,0,0,0,1,0,1,1,1,1,1,1,1,1,1,1,1,1,0,0,0,0,0,0,0,0,0,0,0,0,0,0,0,0,0,0,0,0,0,0,0,0,0,0,0,0,0,0,0,0,0,0,0,1,0,0,3,4,4,4,5,5,5,5,9,8,8,7,8,8,6,5,5,5,4,6,6,6,4,5,6,6,6,6,6,5,6,6,5,3,3,3,3,2,1,0,0,0
135,King,0,0,0,0,0,0,0,0,0,0,0,0,0,0,0,0,0,0,0,0,0,0,0,0,0,0,0,0,0,0,0,0,0,0,0,0,0,0,0,0,0,0,0,0,0,0,0,0,0,0,0,0,0,0,0,0,0,0,0,0,0,0,0,0,0,0,0,0,0,0,0,0,0,0,0,0,0,0,0,0,0,0,0,0,0,0,0,0,0,0,0,0,0,0,0,0,0,0,0,0,0,0,0,0,0,0,0,0,0,0,0,0,0,0,0,0,0,0,0,0,0,0,0,0,0
136,Kinney,0,0,0,0,0,0,0,0,0,0,0,0,0,0,0,0,0,0,0,0,0,0,0,0,0,0,0,0,0,0,0,0,0,0,0,0,0,0,0,0,0,0,0,0,0,0,0,0,0,0,0,0,0,1,1,1,1,1,1,1,1,1,1,1,1,1,1,0,0,0,0,0,0,0,1,1,1,2,1,1,1,1,1,1,1,1,0,0,0,0,0,0,0,1,1,1,1,1,1,1,2,2,2,2,2,1,5,7,7,7,7,3,2,2,3,3,3,3,3,3,9,7,7,7,7
137,Kleberg,2,2,2,2,2,1,1,0,1,1,3,2,3,3,3,4,4,4,5,5,6,7,5,5,4,6,5,5,5,4,4,4,4,4,3,3,4,4,6,8,7,7,7,5,5,6,6,5,5,6,6,6,4,3,3,3,4,4,4,4,4,4,4,5,5,5,5,5,5,5,4,4,7,7,8,10,12,13,13,14,16,23,33,40,47,52,55,43,41,41,51,57,45,44,74,79,97,97,90,101,121,123,119,120,123,120,101,90,82,86,88,84,77,81,81,92,94,107,109,109,121,140,119,107,109
138,Knox,1,1,1,1,1,1,1,1,1,1,1,1,1,1,0,0,0,0,0,0,0,0,0,0,0,0,0,0,0,0,0,0,0,0,0,0,0,0,0,0,0,0,0,0,0,0,0,0,0,0,0,0,0,0,0,0,0,0,0,0,0,0,0,0,0,0,0,0,0,0,0,0,0,0,0,0,0,0,0,0,0,0,0,0,2,2,2,2,2,2,2,3,4,4,2,2,2,2,6,7,6,8,11,11,10,9,9,5,30,30,30,25,23,23,23,1,3,3,1,1,8,9,12,13,13
139,Lamar,5,5,7,7,6,6,6,6,5,5,5,3,3,2,2,3,1,2,1,1,1,44,45,45,55,61,61,61,63,64,69,69,69,77,77,50,58,59,57,52,52,52,50,55,55,54,56,54,56,50,43,45,42,4,38,38,36,36,34,36,35,30,28,30,32,30,32,30,27,27,33,35,34,50,49,55,54,75,76,81,84,84,104,103,115,123,165,127,127,117,201,97,106,101,117,132,137,150,158,135,119,155,155,165,170,163,163,174,230,237,237,162,136,291,162,150,165,170,170,170,187,148,154,120,135
140,Lamb,1,1,1,1,0,0,0,1,1,1,1,1,1,1,1,1,1,1,1,1,2,1,1,1,1,2,2,2,2,2,3,3,3,5,4,5,5,7,7,7,7,7,7,4,4,4,4,4,4,4,4,4,4,3,4,4,4,4,4,4,4,4,4,4,4,4,4,4,4,4,4,4,4,4,4,4,4,4,4,4,4,4,4,4,4,4,4,4,4,4,4,24,42,41,43,43,43,43,56,56,62,65,73,72,72,82,79,87,93,102,105,104,106,109,103,101,95,94,93,93,79,78,72,70,66
141,Lampasas,2,2,2,3,2,2,2,2,3,2,1,1,1,0,0,0,0,0,0,0,0,1,1,1,1,2,2,2,3,3,4,4,4,6,6,5,5,5,5,4,4,4,7,7,4,4,4,4,4,4,4,3,3,1,3,3,2,2,2,2,2,2,2,2,2,2,2,2,2,2,4,6,6,8,9,10,11,12,12,12,12,12,12,13,13,13,8,6,5,5,4,3,13,15,20,22,22,21,25,26,26,27,30,28,29,31,27,36,35,33,35,41,44,43,44,42,43,41,41,41,37,30,62,73,38
142,La Salle,0,0,0,0,0,0,0,0,0,1,1,1,1,1,1,1,1,1,1,1,1,1,1,0,0,0,0,0,0,0,0,0,0,1,1,1,2,3,3,3,3,3,3,3,3,3,2,2,2,2,1,1,1,33,1,1,1,1,1,1,1,1,1,1,0,0,0,0,0,0,0,1,1,3,3,3,3,3,4,4,4,6,6,6,9,9,14,16,16,16,16,19,32,36,51,56,56,56,67,66,70,64,282,282,282,252,254,238,237,237,236,237,232,229,236,227,227,227,217,217,80,74,75,74,71
143,Lavaca,1,2,3,3,3,3,3,3,3,3,3,2,2,2,2,2,2,2,1,1,1,1,1,2,2,2,2,2,2,1,1,1,1,1,1,1,2,1,1,2,2,2,2,2,2,2,2,3,3,3,4,4,4,5,5,4,5,6,9,10,11,11,11,11,10,11,11,11,11,11,10,9,7,27,51,68,68,69,81,89,98,103,103,103,111,114,71,90,99,95,88,97,92,104,114,122,221,220,223,231,242,246,343,343,343,95,93,77,31,38,29,5,24,26,35,26,26,26,17,17,167,148,139,136,135
144,Lee,2,2,2,2,2,2,2,2,2,1,0,0,0,0,0,0,0,0,0,0,0,0,0,0,0,0,0,0,0,0,0,2,0,3,3,4,4,4,4,4,4,4,4,3,4,4,4,5,5,5,6,15,15,19,17,17,17,18,18,18,17,18,18,16,17,20,19,19,19,19,20,22,31,30,31,32,36,36,35,34,36,37,37,39,40,41,43,20,28,27,37,37,41,44,40,42,47,45,79,48,51,59,98,54,40,44,45,45,52,59,47,49,50,47,45,41,42,41,41,41,43,40,136,136,34
145,Leon,2,2,2,3,3,3,2,2,2,2,3,3,3,3,3,3,4,3,3,3,3,3,3,3,4,4,4,4,5,5,4,6,4,6,6,6,6,5,5,5,5,6,6,6,6,6,6,6,6,6,6,6,6,6,6,6,6,6,6,6,6,6,6,6,6,6,6,6,6,6,6,6,6,6,6,6,6,6,6,6,6,6,6,6,6,6,6,6,6,6,6,26,61,65,69,78,79,74,91,77,80,87,109,86,82,83,60,58,53,46,46,45,47,47,46,38,39,36,36,36,29,27,106,108,24
146,Liberty,12,14,14,14,15,17,17,18,21,22,21,24,27,27,23,25,24,24,24,23,23,23,22,22,23,21,19,18,18,15,17,17,17,30,32,35,35,33,32,33,31,32,31,33,34,33,22,19,18,14,13,14,23,23,26,26,26,24,23,27,27,29,29,34,33,37,35,33,31,36,46,63,70,73,81,84,87,93,103,104,123,149,161,169,186,188,254,263,277,277,297,315,332,351,369,395,409,385,253,246,255,244,258,270,281,287,281,283,290,290,280,338,339,336,318,318,332,339,327,327,329,354,372,374,378
147,Limestone,4,4,5,7,9,9,8,8,8,8,8,8,8,8,6,6,4,4,4,4,5,6,5,5,5,6,6,6,6,6,7,7,7,9,8,8,7,6,6,6,6,6,8,8,9,10,13,14,14,14,13,12,13,13,13,13,15,16,15,15,17,17,17,18,18,20,19,21,22,22,22,23,22,22,22,22,23,23,23,23,24,26,26,28,30,33,36,23,23,23,22,22,34,46,52,59,59,58,87,61,57,58,92,62,60,63,62,62,57,53,53,51,64,64,70,96,96,91,91,91,84,84,175,188,104
148,Lipscomb,0,0,0,0,0,0,0,0,0,0,0,0,0,0,0,0,0,0,0,0,0,1,2,2,2,2,2,2,2,2,2,2,2,2,2,1,0,0,0,0,0,0,0,0,0,0,0,0,0,0,0,0,0,0,0,0,0,1,2,3,3,3,3,5,5,5,5,5,5,5,7,6,5,5,5,5,5,3,3,3,3,3,3,3,1,3,3,3,3,3,3,3,3,3,3,2,2,2,3,2,2,2,1,1,1,1,1,1,3,4,4,4,4,4,4,4,4,3,3,3,4,4,5,4,4
149,Live Oak,3,3,3,3,3,3,3,3,2,1,1,1,1,1,1,3,3,3,3,3,3,3,3,3,3,3,2,2,2,0,0,0,0,0,0,0,0,0,1,1,1,2,2,2,4,4,4,4,4,4,4,4,3,3,3,2,2,2,1,1,1,1,1,1,1,1,1,1,1,1,1,1,1,0,0,0,6,6,6,6,12,12,12,12,22,22,22,22,24,30,30,38,50,51,49,49,53,53,49,65,56,61,71,71,70,75,75,66,68,74,74,74,74,63,144,144,144,144,144,144,142,142,134,142,142
150,Llano,3,2,1,1,1,1,1,1,1,1,1,1,1,1,1,1,0,0,0,0,0,0,0,0,0,0,0,0,0,0,0,0,0,0,0,0,0,0,0,0,0,0,0,0,0,0,0,0,0,0,0,0,0,0,0,0,0,0,0,0,0,0,0,0,0,1,1,1,1,1,2,2,2,1,1,1,4,4,4,3,3,4,4,5,6,7,6,6,6,6,4,4,17,21,23,27,39,39,44,43,44,47,47,50,50,52,49,48,47,52,43,42,44,41,41,38,37,35,35,35,28,28,75,76,18
151,Loving,0,0,0,0,0,0,0,0,0,0,0,0,0,0,0,0,0,0,0,0,0,0,0,0,0,0,0,0,0,0,0,0,0,0,0,0,0,0,0,0,0,0,0,0,0,0,0,0,0,0,0,0,0,0,0,0,0,0,0,0,0,0,0,0,0,0,0,0,0,0,0,0,0,0,0,0,0,0,0,0,0,0,0,0,0,0,0,0,0,0,0,0,0,0,0,0,0,0,0,0,0,0,0,0,0,0,0,0,0,0,0,0,0,0,0,0,0,0,0,0,0,0,0,0,0
152,Lubbock,165,175,192,207,211,223,250,234,227,258,282,272,284,274,275,277,282,275,288,291,287,263,250,249,251,259,264,254,243,238,234,226,234,232,229,220,220,202,191,193,196,178,173,165,166,161,167,173,175,165,163,159,160,167,170,163,163,162,160,165,179,186,187,190,187,190,199,221,255,249,277,322,388,477,549,629,649,685,794,849,914,1035,1103,1104,1133,1145,1261,1424,1424,1424,1153,1411,1504,1550,1675,1814,1914,1866,1938,1700,1932,1920,2010,2145,2147,2107,2121,2167,1889,1913,1941,1991,1904,1897,1917,1777,1834,1874,1825,1825,1660,1585,1609,1666,1646
153,Lynn,3,3,3,5,4,4,3,3,3,3,3,3,3,3,3,3,2,0,0,0,0,0,0,0,0,0,0,0,0,0,0,0,0,0,0,0,0,0,0,0,0,0,0,0,0,0,0,0,0,0,1,1,2,2,2,2,2,2,3,3,3,3,3,3,4,8,7,12,12,12,14,14,14,14,14,14,14,16,14,14,16,12,12,12,15,15,20,9,10,10,10,7,11,15,10,14,14,14,12,13,14,11,11,11,11,6,6,4,6,6,6,4,7,6,7,6,8,8,7,7,8,7,6,7,7
154,McCulloch,0,0,1,2,3,3,3,3,3,3,3,3,3,3,3,3,2,1,1,1,1,1,1,1,1,1,1,1,1,1,1,1,1,1,0,0,0,0,0,1,1,1,1,0,0,0,0,0,0,0,0,0,0,0,0,0,0,0,0,0,0,0,0,0,0,0,0,0,0,0,1,1,1,1,2,2,2,3,4,4,5,8,8,8,8,9,13,13,15,15,15,16,16,17,16,14,14,14,15,14,15,16,13,13,13,12,12,14,15,15,15,14,12,11,9,11,14,13,13,13,15,14,14,15,15
155,McLennan,39,43,39,38,39,38,40,38,37,32,34,33,14,14,12,12,12,10,9,9,10,13,11,11,11,10,9,9,6,7,5,7,5,5,4,4,4,3,3,4,4,4,4,4,8,12,12,11,11,10,13,14,15,10,10,8,8,6,8,7,9,11,9,12,16,15,22,25,30,34,44,60,83,101,112,153,204,193,242,283,353,423,496,543,592,733,791,987,1258,1329,1365,1477,1703,1856,2010,2003,2097,2114,1009,1154,1202,1229,1298,1346,1444,1462,1554,1632,1705,1781,1837,1844,1875,1905,1756,1745,1725,1730,1666,1666,1855,1792,1799,1739,1674
156,McMullen,0,0,0,0,0,0,0,0,0,0,0,0,0,0,0,0,0,0,0,0,0,0,0,0,0,0,0,0,0,0,0,0,0,0,0,0,0,0,0,0,0,0,0,0,0,0,0,0,0,0,0,0,0,0,0,0,0,0,0,0,0,0,0,0,0,0,0,0,0,0,0,0,0,0,0,0,0,0,0,0,0,0,0,0,0,0,0,0,0,0,0,0,0,0,0,0,0,0,1,1,1,1,1,4,4,4,4,5,5,5,6,6,5,2,2,2,1,1,1,1,1,1,2,2,1
157,Madison,0,0,0,0,0,0,0,0,1,1,1,2,2,2,2,2,2,2,2,2,2,2,1,0,0,0,0,0,0,0,0,1,0,1,2,1,0,2,4,6,6,6,6,6,6,6,6,6,6,6,6,6,6,6,6,6,2,2,2,2,2,2,2,2,2,2,2,2,2,2,2,2,2,2,2,2,2,2,2,2,2,2,2,2,2,2,2,2,2,2,2,21,51,73,73,81,89,103,117,128,130,141,131,142,143,147,143,147,151,149,143,500,516,501,501,499,497,490,489,489,468,456,315,323,456
158,Marion,0,0,0,0,0,0,0,0,0,3,3,3,3,3,6,6,6,6,6,7,9,9,9,11,12,12,13,13,10,10,10,11,10,9,8,8,8,5,4,4,3,2,2,2,2,2,1,2,2,2,2,2,1,1,1,0,0,1,1,1,1,1,1,2,2,2,3,3,3,5,5,4,4,4,4,4,4,3,5,5,7,8,8,6,6,8,7,8,8,8,8,13,14,14,12,11,14,31,36,36,39,39,37,37,74,74,72,74,75,76,78,77,78,81,57,58,57,58,22,22,22,20,21,21,21
159,Martin,2,2,1,1,1,1,1,1,1,1,1,1,1,0,0,0,0,0,0,0,0,0,0,0,0,0,0,0,0,0,0,0,0,0,0,0,0,0,0,0,0,0,0,0,0,0,0,0,0,0,0,0,0,0,0,0,0,0,0,0,0,0,0,0,0,0,0,0,0,1,1,1,1,2,3,3,4,4,5,6,6,8,8,10,12,13,13,12,13,13,12,13,14,14,16,16,16,13,13,14,14,17,17,17,17,18,17,19,20,21,19,19,20,18,18,15,14,14,14,14,14,16,16,14,13
160,Mason,1,1,1,1,1,1,1,1,1,1,1,0,0,0,0,0,0,0,0,0,4,4,14,14,20,23,23,23,25,26,27,27,27,27,24,24,16,16,11,12,12,12,10,9,8,8,8,8,8,8,8,8,8,6,4,4,3,2,2,2,2,2,2,2,2,3,3,2,2,2,2,1,1,1,1,1,1,1,1,0,0,0,0,0,0,1,1,1,1,1,1,2,2,2,2,2,2,2,3,2,4,4,4,4,4,3,3,3,3,3,3,3,3,4,2,2,3,3,3,3,8,14,14,16,16
161,Matagorda,32,31,29,29,33,34,34,36,28,25,23,23,23,21,26,24,26,27,24,20,18,19,18,17,17,18,15,14,11,11,10,8,10,8,8,6,5,3,4,2,2,2,1,1,1,1,0,0,0,0,2,4,5,4,4,4,4,5,6,6,7,7,7,9,8,7,11,12,14,15,19,27,28,36,36,40,41,47,60,60,62,74,75,80,91,124,165,180,182,181,185,193,205,214,256,267,277,283,188,167,169,191,219,228,242,247,263,270,276,286,278,295,296,311,310,313,332,338,327,327,328,332,347,335,335
162,Maverick,5,6,6,7,8,8,8,9,9,8,9,9,9,8,11,9,8,8,9,9,9,8,8,8,14,14,14,14,13,13,14,14,14,12,12,27,26,37,36,36,53,53,66,69,70,70,77,77,77,77,77,73,82,89,89,81,85,81,90,49,49,49,49,49,58,65,55,58,58,56,51,90,81,87,89,89,89,89,117,143,151,163,163,163,161,250,254,267,331,331,316,347,274,392,427,483,483,483,393,486,449,448,529,634,634,577,688,599,702,702,702,702,702,561,825,830,880,880,880,880,709,1059,1087,1076,1075
163,Medina,5,6,7,7,9,10,10,10,10,11,11,11,10,10,8,9,9,8,8,7,7,7,7,7,7,7,7,7,7,5,6,7,6,14,15,21,27,28,29,30,31,39,40,7,7,7,7,7,7,7,7,7,7,7,7,7,7,7,7,7,7,7,7,7,7,7,7,7,7,7,7,7,7,7,7,7,7,7,7,7,7,7,7,7,7,7,7,7,7,7,7,41,50,15,14,19,19,2,9,57,55,0,72,72,71,64,62,31,39,47,39,25,0,1,0,0,0,0,40,40,117,121,253,290,288
164,Menard,0,0,0,0,0,0,0,0,0,0,0,0,0,0,0,0,0,0,0,0,0,0,0,0,0,0,0,0,0,0,0,0,0,0,0,0,0,0,0,0,0,0,0,0,0,0,0,0,0,0,0,0,0,0,0,0,0,0,0,0,0,0,0,0,0,0,0,0,0,0,0,0,0,0,0,0,1,2,3,3,3,3,3,3,6,6,6,8,8,8,7,10,10,10,12,12,12,12,9,9,10,9,9,9,9,5,6,6,5,4,4,4,4,4,3,3,3,3,3,3,3,3,3,2,2
165,Midland,25,27,27,26,24,23,20,20,21,23,25,22,19,20,36,36,38,39,40,41,43,44,44,45,48,51,51,51,52,53,55,55,55,55,55,60,61,64,65,69,69,65,67,67,67,67,68,68,68,68,56,57,56,57,57,53,56,51,55,60,69,69,69,79,81,81,95,102,102,102,123,123,165,161,196,196,195,290,321,361,361,430,430,393,481,517,550,588,588,588,508,660,700,639,681,715,715,692,730,787,799,821,869,869,869,540,590,412,491,523,533,533,488,488,322,289,936,926,920,920,1268,1335,1349,1312,1303
166,Milam,3,5,5,5,5,5,6,6,6,6,7,7,9,10,10,6,4,3,3,3,2,3,3,5,5,5,5,6,5,5,5,5,5,7,7,7,3,3,4,4,5,4,5,6,7,7,5,4,3,3,3,3,1,1,1,1,1,1,0,3,6,5,5,5,5,5,5,7,9,8,6,10,11,15,16,16,12,15,15,19,21,23,23,21,17,18,16,18,18,18,0,18,26,36,40,52,52,52,16,50,47,43,57,57,26,32,40,41,41,52,50,42,33,37,34,20,24,24,4,4,17,20,21,21,16
167,Mills,0,0,0,0,0,0,0,0,0,0,0,0,0,0,0,0,0,0,0,0,0,0,0,0,0,0,0,0,0,0,0,0,0,0,0,1,0,0,0,0,0,0,1,1,1,1,1,1,1,0,1,1,0,0,0,0,0,0,0,0,0,0,0,0,0,0,0,0,0,0,0,0,0,0,0,0,0,0,0,0,0,0,0,0,0,0,0,0,0,0,0,0,2,5,5,6,6,6,6,6,6,6,6,6,7,7,7,6,7,7,7,8,8,8,8,9,9,9,8,8,8,7,18,21,11
168,Mitchell,1,1,1,1,1,1,1,1,1,1,1,1,1,1,0,0,0,0,0,0,0,0,0,0,0,0,0,0,0,0,0,0,0,0,0,0,0,0,0,0,0,0,0,0,0,0,0,0,0,0,0,0,0,0,0,0,0,0,0,0,0,0,0,0,0,1,1,1,1,1,1,1,1,1,1,1,1,2,2,3,3,3,3,3,4,8,7,8,6,8,8,5,11,14,15,17,17,17,18,15,15,14,14,18,18,8,11,10,13,16,16,12,13,12,15,17,20,20,18,18,23,23,22,24,24
169,Montague,1,1,1,0,1,1,1,4,4,4,4,4,4,4,4,4,4,4,3,3,3,1,1,1,1,1,1,2,3,4,4,4,4,4,4,4,4,4,4,7,7,6,5,6,6,6,6,6,6,6,6,6,6,6,6,6,6,6,6,6,6,6,6,6,6,6,6,6,6,6,6,6,6,6,6,6,6,6,6,6,6,6,6,6,6,6,6,6,6,6,6,8,9,10,3,3,3,8,3,6,5,6,8,8,5,6,5,5,8,10,10,5,5,3,4,6,9,9,1,1,4,7,2,5,5
170,Montgomery,143,175,181,194,203,195,193,195,228,239,258,261,270,267,263,283,299,319,346,356,356,374,404,418,438,462,467,457,424,423,408,420,408,429,428,450,464,469,478,503,503,502,508,499,472,466,471,471,471,441,450,456,446,460,460,444,453,435,431,432,442,442,417,414,386,396,418,479,479,457,479,515,508,534,604,604,527,588,632,705,715,778,778,721,727,793,865,960,960,960,864,946,902,910,910,1040,1040,955,957,1249,2017,2078,2298,2298,2171,2410,2483,2497,2644,2797,2792,2517,2582,2504,2475,2393,2511,2510,2389,2389,2200,2045,1944,2009,2005
171,Moore,7,9,15,21,21,22,21,35,51,54,70,94,101,114,131,153,158,167,172,231,251,262,250,277,285,279,308,297,317,313,311,332,311,318,299,289,274,261,251,239,216,229,206,194,186,87,82,52,52,43,58,82,110,106,182,167,306,302,300,363,354,350,348,353,349,307,282,281,218,213,92,90,89,82,80,79,81,88,87,91,88,86,85,75,70,73,57,56,27,26,24,26,33,32,33,33,33,32,35,32,32,35,48,48,49,54,58,62,60,69,71,71,74,89,94,92,86,85,83,83,90,93,95,89,88
172,Morris,0,0,1,2,2,2,2,2,2,2,3,3,4,4,4,4,3,3,2,2,2,2,2,2,2,5,5,5,5,5,5,5,5,5,5,4,4,5,5,4,3,3,5,6,7,9,9,9,9,13,14,18,19,16,16,16,15,12,13,12,12,12,12,8,8,5,4,7,8,8,8,9,7,7,9,10,9,10,12,11,11,9,8,8,8,9,9,11,10,10,11,16,14,15,16,13,15,16,15,15,14,20,15,15,16,17,19,21,21,27,28,26,28,31,27,33,31,32,29,29,30,31,34,36,37
173,Motley,0,0,0,0,0,0,1,1,1,1,1,1,1,1,1,1,1,1,1,1,0,0,0,0,0,0,0,0,0,0,0,0,0,0,0,0,0,0,0,0,0,0,0,0,0,0,0,0,0,0,0,0,0,0,0,0,0,0,0,0,0,0,0,0,0,0,0,0,0,0,0,0,0,0,0,0,0,0,0,0,0,0,0,0,0,0,0,0,0,0,0,0,1,1,1,1,1,1,1,1,1,1,1,1,1,1,0,1,1,2,2,2,2,2,2,2,2,2,2,2,2,1,2,3,2
174,Nacogdoches,19,23,22,26,27,43,44,52,55,59,60,72,72,72,75,74,86,87,87,83,82,92,88,99,97,99,98,98,106,106,109,105,109,97,102,99,101,89,80,73,77,76,66,64,54,65,64,64,58,49,50,53,57,66,62,59,59,59,62,56,54,55,52,53,60,53,52,44,43,42,43,42,46,48,49,48,49,48,44,52,62,66,67,66,80,85,93,93,101,103,104,114,125,155,157,175,206,212,193,215,202,202,197,198,202,259,272,288,313,335,347,298,343,352,322,373,373,385,365,365,395,345,383,307,307
175,Navarro,4,4,8,8,9,9,8,12,11,13,14,14,9,9,7,8,9,8,10,10,10,10,12,11,12,12,12,7,7,9,10,12,10,9,9,9,8,8,9,9,9,8,8,10,10,12,14,14,10,11,15,15,12,14,15,10,11,6,9,11,13,13,9,13,12,13,23,26,26,26,32,31,27,40,44,44,27,55,55,58,59,66,66,54,69,74,58,70,91,91,66,131,148,156,167,157,170,79,90,91,110,116,141,141,73,69,67,57,75,91,93,47,46,70,57,56,60,60,0,0,6,11,4,19,19
176,Newton,1,1,1,1,2,2,2,2,1,1,1,1,1,1,1,1,1,1,0,0,0,0,0,0,0,0,0,0,0,2,2,2,2,2,2,2,2,2,2,2,2,2,2,0,0,0,0,0,0,0,0,0,0,1,1,1,1,1,1,1,2,2,2,2,2,2,2,1,1,1,1,1,1,1,0,2,5,5,6,6,6,6,6,6,6,6,6,6,6,6,6,6,6,6,6,6,6,6,15,20,21,21,22,23,23,18,18,20,3,25,24,24,11,16,14,10,13,13,8,8,14,15,15,15,15
177,Nolan,0,0,0,0,0,0,0,0,0,0,0,0,0,0,0,0,0,1,1,1,1,1,1,1,1,2,2,2,2,2,2,1,2,1,1,1,1,0,0,0,0,0,0,0,0,0,0,0,0,0,0,0,0,0,0,2,0,1,6,6,7,7,7,7,1,1,0,1,1,1,2,2,5,5,7,7,10,10,13,15,17,21,30,30,29,31,33,33,30,33,34,29,28,28,31,41,38,30,31,31,36,34,43,47,47,32,52,46,57,56,55,47,46,44,42,40,42,42,36,36,27,25,23,24,24
178,Nueces,58,57,58,58,56,59,58,54,56,51,54,51,76,76,73,70,62,58,58,59,52,57,53,42,39,42,43,38,44,38,41,47,41,48,51,64,91,103,118,141,143,133,125,118,126,129,129,131,131,125,123,117,117,117,123,114,107,105,107,104,107,102,94,97,95,102,113,128,128,128,143,174,197,249,304,353,389,493,564,779,1038,1250,1453,1636,1840,2055,2380,2616,2844,3151,3333,3617,3982,4389,4698,5105,5373,5554,5694,6045,6464,6747,7037,7242,7360,7510,7011,7088,7186,4859,4760,4586,4595,4489,4633,4776,5641,5647,5740,5740,4547,4342,4313,4171,4084
179,Ochiltree,0,0,0,0,0,0,0,0,0,0,0,0,0,0,0,0,0,1,4,4,4,23,24,24,18,18,18,18,24,25,27,27,27,25,25,10,20,19,24,23,24,25,19,18,16,18,18,19,19,18,9,15,16,13,12,11,13,14,15,13,12,11,11,12,12,8,8,8,6,6,6,5,4,4,4,4,4,3,3,3,2,2,2,1,1,1,1,1,1,1,0,7,7,7,7,10,10,10,9,9,9,9,9,9,9,3,4,4,9,14,13,14,16,18,18,22,24,24,24,24,28,30,29,23,23
180,Oldham,2,2,2,2,2,1,1,1,1,1,1,1,1,1,0,0,0,0,0,0,0,0,0,0,0,0,0,0,0,0,0,0,0,0,0,0,0,0,1,1,0,0,0,0,0,0,0,0,0,0,0,0,0,0,0,0,1,1,1,1,1,1,1,1,1,1,1,1,1,1,0,0,0,0,0,0,0,0,0,0,0,0,0,0,0,0,0,0,0,0,0,1,0,0,0,0,0,0,0,0,2,2,3,3,5,7,8,8,8,8,8,8,9,9,7,7,7,7,5,5,4,4,4,3,4
181,Orange,26,28,29,29,32,43,40,41,40,41,42,38,31,31,37,36,35,39,38,29,29,28,32,31,31,31,29,29,27,27,27,24,27,26,26,26,20,18,20,20,20,20,15,16,14,19,16,16,16,15,16,16,15,15,14,14,14,12,15,11,8,7,7,7,8,8,10,11,11,11,11,21,27,36,45,44,44,55,62,64,87,93,93,93,106,158,117,145,145,145,133,147,230,270,300,305,305,305,305,305,289,509,509,509,506,532,549,578,590,591,584,571,617,682,734,732,753,752,752,752,1099,1099,947,984,1048
182,Palo Pinto,2,3,4,4,3,3,3,4,4,4,4,4,4,5,4,4,3,3,4,4,4,3,3,2,2,3,3,2,2,2,2,2,2,2,1,1,2,2,2,1,1,0,0,1,1,1,1,1,1,2,2,2,4,4,4,4,4,3,3,3,3,3,3,2,2,3,2,2,2,2,2,2,2,2,2,2,2,2,5,4,4,4,4,4,5,7,11,20,24,24,24,33,36,39,19,25,25,16,30,29,24,24,25,25,12,10,19,16,17,28,27,10,19,13,11,31,33,33,0,0,1,4,10,18,18
183,Panola,3,3,6,9,9,9,12,19,21,29,32,34,34,35,39,46,55,62,62,68,67,64,62,79,98,101,101,102,99,94,87,79,87,73,73,76,76,62,41,36,39,35,34,31,29,30,30,33,30,24,25,19,22,24,23,19,15,16,48,48,47,44,43,43,42,43,44,41,43,43,10,10,0,0,0,0,0,0,0,0,0,0,0,0,22,22,27,23,23,23,24,23,22,21,23,23,24,26,20,19,20,20,18,21,28,30,29,30,32,30,38,35,37,38,40,42,40,41,30,30,33,38,42,45,45
184,Parker,5,5,7,9,10,10,11,12,13,14,16,16,16,16,16,16,15,14,13,13,12,13,16,16,13,17,17,21,22,23,24,24,24,25,24,23,20,29,30,31,31,27,32,27,27,27,26,26,26,26,25,19,23,24,23,23,22,22,20,25,30,30,30,41,41,40,42,42,42,40,41,42,44,43,38,37,37,41,80,80,76,152,152,179,179,181,193,219,229,229,229,260,313,347,173,213,213,171,208,233,201,143,161,161,109,107,83,197,90,105,99,25,130,163,113,124,137,137,0,0,13,11,6,29,29
185,Parmer,0,0,0,0,0,0,0,0,0,0,0,0,1,1,2,3,3,4,4,4,4,6,6,6,8,8,7,12,11,12,15,14,15,16,16,16,17,18,17,19,20,24,26,28,25,35,35,37,37,36,36,34,36,38,37,31,29,36,38,46,46,44,43,51,51,54,63,69,68,68,72,72,77,78,77,76,77,75,75,80,80,73,73,73,73,74,74,69,71,69,68,71,72,73,67,64,64,64,59,51,52,56,59,57,60,55,61,63,66,66,67,65,69,74,75,74,68,67,62,62,59,59,63,64,64
186,Pecos,1,1,1,1,1,1,1,1,5,5,5,5,5,4,4,4,5,5,7,5,8,8,5,5,7,6,6,6,9,10,9,9,9,10,8,12,13,13,11,12,11,11,12,10,10,10,10,10,10,10,10,10,10,10,10,10,10,10,10,10,10,10,10,10,10,10,10,10,10,10,10,10,10,10,10,10,10,10,10,10,10,10,10,10,10,10,10,10,10,10,10,24,47,23,23,39,23,49,58,61,27,37,37,38,38,85,92,55,61,101,59,101,109,114,62,53,117,51,117,117,51,59,60,62,62
187,Polk,8,8,8,8,9,8,8,8,8,11,8,8,8,8,9,9,11,12,11,11,11,9,10,8,9,8,8,9,19,19,19,24,19,24,19,24,24,30,31,31,31,28,31,31,33,33,33,33,33,33,33,34,35,36,36,36,40,40,40,40,41,41,41,29,30,30,33,33,33,30,36,37,38,38,40,40,33,43,46,53,64,64,64,64,71,79,113,128,128,128,128,163,163,226,246,279,279,279,338,314,334,347,347,347,347,347,466,466,525,534,530,530,556,576,456,455,458,458,458,458,490,497,545,544,544
188,Potter,38,44,55,56,62,65,64,73,69,77,82,89,108,115,126,140,165,172,230,276,283,341,375,431,497,608,684,729,787,787,834,887,834,951,934,949,1088,1145,1147,1731,1780,1765,1766,1811,1752,1731,1745,1754,1754,1754,1706,1661,1613,1636,1638,1638,1628,1603,1655,1535,1763,1765,1752,1739,1628,1627,1627,1629,1629,1556,1481,1352,1260,1220,1223,1223,1175,1162,1138,997,919,923,923,889,416,370,386,410,410,410,159,190,214,218,220,230,230,212,195,199,208,217,257,257,255,252,287,302,330,343,344,337,342,357,371,364,388,388,369,369,374,399,408,425,425
189,Presidio,0,0,0,0,0,0,0,0,0,0,0,0,0,0,0,0,0,0,0,0,0,0,0,0,0,0,0,0,0,0,0,0,0,0,0,0,0,0,0,0,0,0,0,0,0,0,0,0,1,1,1,1,1,1,1,1,1,1,1,1,2,2,1,1,1,1,1,1,1,1,1,10,10,10,9,9,11,12,12,12,12,13,13,13,17,10,10,10,10,10,8,8,7,14,14,14,14,14,11,12,12,12,12,11,11,11,11,9,9,11,11,11,10,10,17,16,18,18,18,18,19,17,17,12,12
190,Rains,0,0,0,1,1,1,1,1,2,2,2,2,2,2,2,2,2,1,1,1,1,1,0,0,0,0,0,0,0,0,0,0,0,0,0,0,0,0,0,0,0,0,0,0,1,1,1,1,1,1,1,1,1,1,1,1,1,2,1,1,1,1,1,1,1,1,1,2,2,2,2,2,2,3,4,4,4,4,4,4,4,3,3,3,7,7,7,7,6,8,8,10,10,11,11,11,10,10,13,13,13,15,17,17,17,20,21,24,24,23,22,23,26,27,28,31,31,31,31,31,33,37,37,31,31
191,Randall,35,39,50,54,56,60,57,66,66,64,74,75,78,83,82,84,90,88,100,115,123,136,145,150,167,189,201,207,224,219,235,245,235,250,246,252,279,304,334,447,456,454,456,461,456,449,459,462,462,462,453,431,417,427,430,415,410,400,402,378,372,373,371,379,355,359,358,359,361,327,306,257,234,229,233,233,224,225,232,215,202,206,206,205,86,102,134,153,153,153,144,149,163,189,203,222,222,193,233,239,265,298,350,350,350,347,382,406,418,436,435,420,424,391,389,383,411,411,386,386,390,405,407,418,418
192,Reagan,0,0,0,0,0,0,0,0,0,0,0,0,0,0,0,0,0,0,0,0,0,0,0,0,0,0,0,0,0,0,0,0,0,0,0,0,0,0,0,0,0,0,0,0,0,0,0,0,0,0,1,1,2,2,2,2,2,2,2,2,2,2,2,2,1,1,0,0,0,0,0,0,0,0,0,0,0,0,0,0,1,0,0,0,2,4,7,8,11,11,12,12,13,21,25,29,29,35,35,34,34,38,35,35,36,38,37,31,27,21,23,18,19,20,18,15,17,17,15,15,16,15,16,20,20
193,Real,0,0,0,0,0,0,0,0,0,0,0,0,0,0,0,0,0,0,0,0,0,0,0,0,0,0,0,0,0,0,0,0,0,0,0,0,0,0,0,0,0,0,0,0,0,0,0,0,0,0,0,0,0,0,0,0,0,0,0,1,1,1,1,1,1,1,1,1,1,1,1,1,1,0,0,0,0,0,0,0,0,0,0,0,0,0,0,1,3,3,3,3,3,3,3,5,5,5,5,5,5,7,7,7,7,1,1,51,58,59,59,56,28,9,11,7,7,7,5,5,75,35,29,28,28
194,Red River,0,0,0,0,0,0,0,0,0,1,1,1,1,1,1,1,1,1,1,1,1,1,1,0,0,0,0,0,0,0,1,2,1,8,8,26,27,32,34,34,34,34,35,39,39,39,39,39,39,39,39,39,39,39,39,39,39,39,39,39,39,39,39,39,39,39,39,39,39,39,39,39,39,39,39,39,39,39,39,39,39,39,39,39,39,39,39,39,39,39,39,16,16,14,12,12,13,16,9,6,11,10,10,10,11,11,10,10,12,12,13,12,13,14,11,12,7,7,6,6,7,8,9,6,6
195,Reeves,0,0,0,0,0,0,0,0,0,0,0,0,0,0,0,0,0,0,0,0,0,0,0,0,0,0,0,0,0,0,0,1,0,1,1,1,1,1,3,3,3,3,3,3,5,4,4,4,6,6,6,6,0,0,0,0,0,0,0,0,0,0,0,0,0,0,0,0,0,0,0,0,0,0,0,0,0,0,0,0,0,0,0,0,0,0,0,0,0,0,0,44,43,46,59,59,59,59,56,53,48,46,47,47,47,41,48,49,38,40,41,40,41,49,56,53,57,56,55,55,52,52,48,46,46
196,Refugio,0,0,0,0,0,0,0,0,0,0,0,0,0,0,0,0,0,0,0,0,0,0,0,0,0,0,0,1,1,1,1,1,1,1,1,2,3,3,3,3,3,2,2,2,2,2,2,2,2,1,1,1,1,1,1,1,1,1,1,0,0,0,0,2,2,2,2,2,2,2,3,3,3,3,3,3,3,1,4,5,5,5,5,7,7,8,9,10,18,21,20,22,24,26,29,27,35,34,34,37,39,37,45,48,49,66,65,61,58,68,86,77,74,88,91,82,91,103,103,103,96,94,80,65,59
197,Roberts,0,0,0,0,0,0,0,0,0,1,1,2,2,2,2,2,2,2,2,2,2,2,2,1,1,0,0,0,0,0,0,0,0,0,0,0,0,0,0,0,0,0,0,0,0,0,0,0,0,0,0,0,0,0,0,0,0,0,0,0,0,0,0,0,0,0,0,0,0,0,0,0,0,0,0,0,1,1,1,1,1,1,1,1,1,1,1,2,2,2,1,2,3,3,3,3,3,3,3,3,3,2,2,2,2,2,1,1,1,1,1,1,1,1,1,1,2,2,2,2,0,0,0,0,0
198,Robertson,1,1,1,1,0,0,0,0,0,0,0,0,0,0,0,0,1,1,1,1,0,0,2,1,2,2,2,2,2,2,3,3,3,3,3,3,4,4,4,4,4,4,5,5,5,5,5,5,4,4,4,3,4,4,4,5,7,6,5,8,7,9,9,10,10,11,10,10,10,10,10,10,15,13,14,18,21,24,23,23,24,24,25,32,32,42,43,35,36,33,35,32,48,56,56,80,81,78,105,79,79,96,133,106,102,111,112,112,116,100,98,94,99,95,96,88,90,81,80,80,64,64,182,185,61
199,Rockwall,11,14,12,14,18,17,19,20,23,22,24,25,26,28,31,37,37,36,35,35,37,37,49,49,48,54,53,54,54,51,53,55,53,52,52,60,49,56,56,72,70,68,67,58,57,57,56,55,52,47,44,41,44,39,36,36,37,30,35,37,39,38,38,41,46,49,48,45,44,43,48,50,52,53,51,49,49,47,88,84,81,134,134,134,155,132,139,161,178,178,177,182,162,155,50,53,53,30,78,79,57,78,84,84,59,70,105,98,88,98,102,51,49,57,70,75,70,70,7,7,44,40,81,101,101
200,Runnels,0,0,0,0,0,0,0,0,0,0,0,0,0,0,0,0,0,0,0,0,0,1,1,1,1,2,2,2,2,2,2,2,2,2,2,1,1,1,1,1,1,1,1,0,0,0,0,0,0,0,0,0,1,1,1,1,0,0,0,1,1,1,1,1,0,0,0,0,0,0,0,0,0,0,0,0,0,0,3,3,3,3,3,3,5,6,9,14,14,14,14,14,12,14,5,9,9,6,4,3,3,6,8,8,9,12,13,4,20,31,33,5,18,19,18,17,19,19,1,1,6,5,7,10,10
201,Rusk,11,13,12,12,12,14,13,14,13,19,18,17,16,17,16,16,16,18,18,18,19,19,18,14,15,14,13,13,15,14,15,14,15,11,11,11,11,9,8,10,10,8,6,4,4,4,4,4,4,5,5,6,6,11,14,13,15,16,18,19,22,22,21,24,22,24,24,20,18,76,179,179,185,188,191,190,190,191,193,199,201,198,198,154,72,79,216,73,61,213,213,43,75,66,46,47,49,62,54,74,62,75,71,84,71,80,94,120,120,120,112,114,131,135,131,126,104,107,107,107,109,115,126,78,78
202,Sabine,0,0,0,0,0,0,0,0,0,1,1,1,1,1,1,1,1,1,1,1,1,1,1,0,0,0,0,0,0,0,1,1,1,1,1,2,2,2,2,2,2,2,3,3,2,2,3,3,3,2,2,3,3,11,11,12,12,11,11,11,10,10,10,10,10,9,9,2,2,1,1,2,2,2,5,6,6,8,8,8,8,8,10,10,11,9,12,11,8,14,14,15,15,15,16,18,18,20,21,21,8,8,7,7,8,11,11,11,12,6,3,3,0,2,2,0,4,4,2,2,9,9,9,0,0
203,San Augustine,3,3,6,8,8,8,8,8,7,9,11,11,11,11,11,11,9,9,9,9,9,9,9,7,8,8,7,11,11,13,13,13,13,13,9,10,10,10,10,10,10,7,11,11,13,14,14,14,14,14,15,15,21,22,22,22,28,25,23,23,24,24,24,20,24,24,30,30,30,27,33,45,56,56,57,57,47,48,59,61,62,62,62,62,64,64,69,73,73,73,73,73,73,78,80,83,83,83,84,43,48,52,52,52,52,52,55,55,60,60,63,63,66,68,28,27,29,29,29,29,31,34,36,36,36
204,San Jacinto,1,3,3,3,5,4,6,7,6,9,9,7,7,7,7,6,6,6,4,5,3,3,3,1,1,3,3,3,3,3,3,3,3,3,3,3,3,4,3,2,3,2,2,2,3,4,4,4,4,4,4,3,3,3,3,3,3,2,4,4,4,4,4,6,6,7,7,7,7,6,5,8,7,7,7,7,8,6,7,9,10,12,12,12,15,15,18,36,39,40,40,39,40,34,35,33,53,68,67,72,61,61,65,67,62,60,63,66,71,69,66,46,45,47,27,27,16,19,11,11,38,38,40,27,27
205,San Patricio,2,7,6,6,6,6,6,8,6,6,6,5,4,6,6,3,5,5,6,6,6,6,5,5,5,5,5,6,6,6,6,7,6,9,11,10,11,9,11,8,9,9,9,7,9,8,8,8,8,8,9,6,7,7,7,7,10,10,6,8,8,9,9,11,11,11,11,11,11,5,12,11,22,26,26,26,20,31,36,39,44,52,52,51,65,93,109,119,119,119,110,127,93,129,128,154,154,132,131,135,147,121,159,159,149,172,201,258,306,348,334,309,337,336,164,188,216,216,167,167,187,193,187,216,213
206,San Saba,0,0,0,0,0,0,0,0,0,0,0,0,0,0,0,0,0,0,0,0,0,0,0,0,0,0,0,0,0,0,0,0,0,0,0,0,0,0,0,0,0,0,1,1,1,1,1,1,1,1,1,1,1,1,1,1,0,0,0,0,0,0,0,0,0,0,0,1,1,1,1,1,1,1,1,1,2,3,3,3,3,3,3,3,3,3,3,3,3,3,2,2,4,4,7,7,7,7,9,5,6,6,9,7,7,8,7,9,9,10,10,10,11,13,12,12,13,12,12,12,11,10,18,19,7
207,Schleicher,0,0,0,0,0,0,0,0,0,0,0,0,0,0,0,0,0,0,0,0,0,0,0,0,0,0,0,0,0,0,0,0,0,0,0,0,0,0,0,0,0,0,0,0,0,0,0,0,0,0,0,0,0,0,0,0,0,0,0,0,0,0,0,0,0,0,0,1,1,1,6,8,8,10,12,12,12,12,12,12,12,13,13,14,15,14,15,13,11,11,11,11,10,10,12,12,12,11,8,8,8,10,11,11,11,11,14,14,12,11,11,11,10,11,10,8,7,7,7,7,4,5,5,5,5
208,Scurry,0,0,0,0,0,0,0,0,0,1,1,1,1,2,2,2,2,2,2,2,2,2,2,1,1,1,1,0,0,0,0,0,0,0,0,0,0,0,0,0,0,0,0,0,0,0,0,0,0,0,0,0,19,22,22,22,30,30,31,23,24,24,24,23,18,18,16,16,16,16,16,16,17,17,17,17,14,11,11,13,12,12,12,12,12,16,22,25,39,39,39,50,50,62,66,297,297,296,325,319,318,323,328,328,325,327,332,321,327,331,331,302,302,308,320,338,338,338,316,316,329,344,345,352,352
209,Shackelford,0,0,0,0,0,0,0,0,0,0,0,0,0,0,0,0,0,0,0,0,0,0,0,0,0,0,0,0,0,0,1,1,1,1,1,1,1,1,1,1,1,1,1,1,0,0,0,0,0,0,0,0,0,0,0,0,0,0,0,0,0,0,0,0,0,0,0,0,0,0,0,0,0,0,0,0,0,0,0,0,0,0,0,0,0,0,2,4,3,3,3,4,4,5,4,4,4,3,3,3,3,3,5,5,0,3,4,1,2,2,2,0,1,0,1,1,1,1,1,1,0,0,0,0,0
210,Shelby,13,17,23,30,33,33,34,38,44,48,45,51,51,51,59,55,67,61,59,70,69,69,64,61,70,65,65,64,68,70,70,74,70,66,64,66,70,74,69,70,70,69,59,58,51,50,47,46,42,37,37,34,30,40,39,39,38,40,42,40,38,38,35,35,33,40,42,32,33,34,31,28,29,35,47,47,46,50,50,46,47,55,53,52,54,52,52,47,39,33,33,29,27,25,23,0,20,26,21,30,33,31,32,32,33,38,39,42,50,57,56,53,59,68,57,62,59,61,58,58,65,66,67,54,55
211,Sherman,0,0,0,0,0,0,0,0,0,4,6,7,7,7,7,9,10,10,11,12,14,14,14,12,12,11,12,12,12,11,11,12,11,13,12,12,12,11,9,9,9,8,7,7,6,4,4,1,1,1,1,2,3,3,3,3,5,5,5,8,8,8,7,7,6,5,4,4,4,4,2,2,4,3,3,3,3,3,3,3,3,3,3,3,3,3,1,1,1,1,1,0,0,2,2,2,2,2,3,3,3,3,4,4,4,4,5,3,3,3,3,3,4,4,5,5,4,4,4,4,5,5,6,6,6
212,Smith,51,63,69,71,71,69,70,75,73,70,65,70,75,75,72,62,57,58,52,53,52,52,49,48,49,45,40,38,44,45,53,53,53,53,50,48,55,53,54,52,51,50,46,43,37,36,36,33,33,29,24,24,21,24,24,23,27,29,30,28,33,33,31,42,45,49,49,72,71,70,77,89,100,107,123,123,123,150,162,187,220,199,242,242,300,340,357,404,385,473,473,549,799,863,919,998,998,998,1140,1198,1266,1197,1242,1241,1241,1386,1438,1484,1534,1581,1580,1581,1663,1695,1724,1631,1646,1646,1645,1645,1718,1745,1767,1741,1741
213,Somervell,0,0,0,0,0,0,0,0,0,0,0,0,0,0,0,0,0,0,0,0,0,0,0,0,0,0,0,0,0,0,0,0,0,0,0,0,0,0,0,0,0,0,0,0,0,0,0,0,0,0,0,0,0,0,0,0,0,0,0,0,0,0,0,1,1,2,2,2,2,2,3,3,3,3,3,3,3,2,4,3,3,3,3,3,4,6,7,7,9,9,9,14,16,18,9,11,11,8,8,8,11,8,8,8,4,8,7,5,7,8,8,3,0,1,0,4,6,6,0,0,2,3,8,9,9
214,Starr,7,7,7,5,5,5,5,5,4,3,3,3,2,1,1,1,1,1,1,1,1,2,3,3,3,3,3,2,3,3,3,7,3,7,7,6,5,5,7,9,9,9,11,13,13,9,11,11,11,11,13,14,19,18,18,19,19,18,23,25,29,31,31,35,37,44,59,73,83,89,103,126,149,164,180,198,273,281,298,311,329,386,398,447,460,505,512,446,408,482,525,548,518,501,474,426,482,488,491,534,638,680,706,721,722,867,904,852,892,890,962,980,1039,988,930,917,884,948,953,953,1023,1087,1101,1017,1028
215,Stephens,0,0,0,1,1,1,1,1,1,1,1,1,1,1,1,1,1,0,0,0,0,0,0,0,0,0,0,0,0,0,0,0,0,0,0,0,1,1,1,2,2,2,2,1,1,1,1,1,1,3,2,2,2,2,2,2,2,2,2,2,2,2,2,1,1,1,1,2,1,1,1,1,1,1,1,1,1,1,3,3,3,2,2,2,3,3,3,3,3,3,3,4,5,6,4,6,6,5,4,5,5,5,3,3,0,1,1,1,4,6,4,1,6,6,2,2,2,2,0,0,0,1,0,3,3
216,Sterling,0,0,0,0,0,0,0,0,0,0,0,0,0,0,0,0,0,0,0,0,0,0,0,0,0,0,0,0,0,0,0,0,0,0,0,0,0,0,0,0,0,0,0,0,0,0,0,0,0,0,0,0,0,0,0,0,0,0,0,0,0,0,0,0,0,0,0,0,0,0,0,0,0,0,0,0,0,0,0,0,0,0,0,0,0,0,0,0,0,1,1,0,0,0,0,0,0,0,0,0,0,0,0,0,0,0,0,0,0,0,0,0,0,0,0,0,0,0,0,0,0,0,0,0,0
217,Stonewall,0,0,0,0,0,0,0,0,0,0,0,0,0,0,0,0,0,0,0,0,0,0,0,0,0,0,0,0,0,0,0,0,0,0,0,0,0,0,0,0,0,0,0,0,0,0,0,0,0,0,0,0,0,0,0,0,0,0,0,0,0,0,0,0,0,0,0,0,0,0,0,0,0,0,0,0,0,0,0,0,0,0,0,0,0,0,0,0,0,0,0,0,0,0,0,0,0,0,0,0,0,0,4,4,4,4,4,4,3,3,3,1,1,0,0,0,0,0,0,0,0,0,0,0,0
218,Sutton,0,0,0,0,0,0,0,0,0,0,0,0,0,0,0,0,0,0,0,0,0,0,0,0,0,0,0,0,0,0,0,0,0,0,0,0,0,0,0,0,0,0,0,0,0,0,0,0,0,0,0,0,0,0,0,0,0,0,0,0,0,0,0,0,0,0,0,0,0,0,0,0,0,1,1,1,1,3,3,3,3,3,3,4,5,5,6,10,10,10,10,11,11,14,18,19,19,18,21,22,21,27,30,30,30,35,36,35,33,37,36,36,35,36,37,27,25,25,25,25,19,20,19,15,15
219,Swisher,1,2,2,3,3,3,3,3,3,3,3,3,3,4,4,4,4,5,5,6,6,6,6,6,6,6,6,5,6,6,6,5,6,4,4,5,5,5,6,6,6,7,6,5,5,5,7,6,6,5,5,6,5,4,4,3,3,3,4,4,1,1,1,1,1,1,3,4,4,4,4,6,5,5,5,5,5,5,6,7,8,11,11,10,10,13,13,15,16,16,16,22,22,27,27,25,25,24,29,28,30,29,29,29,30,27,28,24,25,25,24,23,19,18,17,17,17,16,15,15,15,15,14,13,12
220,Tarrant,394,443,498,538,594,652,671,712,682,732,804,839,1002,995,987,1032,1121,1232,1375,1501,1605,1677,1643,1603,1627,1736,1819,1858,1894,1949,2043,2131,2043,2329,2786,2832,2880,3134,2943,2676,2759,2846,2850,2797,2797,2855,2926,2974,2999,2921,2885,2995,2916,2927,2985,3024,2995,3036,3119,3172,3245,3205,3229,3327,3352,3472,3581,3819,3901,3967,4002,4017,3996,4203,4037,4143,4326,4403,4493,4860,5258,5472,5817,6192,6295,6793,7202,7673,7673,7572,7585,7904,8319,8436,8711,9206,9303,9154,9180,9123,9676,10080,10237,10520,10675,10809,10807,11546,11833,12277,12259,11674,11847,12362,13144,13061,12850,12452,11786,11786,10866,10327,9884,9305,9157
221,Taylor,30,37,42,49,52,52,54,58,62,67,73,106,132,114,113,132,125,126,129,138,144,171,193,189,215,214,224,215,214,238,49,45,49,24,18,0,0,0,45,45,45,45,45,45,45,45,45,45,45,45,45,45,45,45,45,45,45,45,45,45,45,45,45,45,45,45,45,45,45,45,45,45,45,45,45,31,37,45,60,62,64,71,68,69,76,97,119,140,173,178,206,223,245,264,281,298,352,284,393,414,425,428,453,456,432,431,438,442,458,449,461,455,436,427,405,389,377,370,357,357,316,273,244,217,204
222,Terrell,0,0,0,0,0,0,0,0,0,0,0,0,0,0,0,0,0,0,0,0,0,0,0,0,0,0,0,0,0,0,0,0,0,0,0,0,0,0,0,0,0,0,0,0,0,0,0,0,0,0,0,0,0,0,0,0,0,0,0,0,0,0,0,0,0,0,0,0,0,0,0,0,0,0,0,0,0,1,1,1,1,1,1,1,2,3,2,2,2,2,2,1,1,1,1,1,1,1,0,0,0,0,0,0,0,0,0,0,0,0,0,0,0,0,0,0,0,0,0,0,0,0,0,0,0
223,Terry,4,5,5,5,5,4,8,7,7,7,7,7,7,7,7,5,5,5,5,5,2,2,2,2,2,2,2,2,3,3,3,3,3,3,3,3,3,2,1,1,1,1,1,1,1,1,1,1,1,1,1,1,1,1,1,1,0,0,0,0,0,0,0,0,0,0,0,0,0,0,0,0,1,1,1,1,1,1,1,2,3,3,3,3,4,4,7,8,23,23,19,21,26,29,24,25,25,16,18,16,16,15,19,19,19,10,13,15,30,30,28,20,33,32,31,29,35,34,31,31,30,31,28,34,34
224,Throckmorton,0,0,0,0,0,0,0,0,0,0,0,0,0,0,0,0,0,0,0,0,0,0,0,0,0,0,0,0,0,0,0,0,0,0,0,0,0,0,0,0,0,0,0,0,0,0,0,0,0,0,0,0,0,0,0,0,0,0,0,1,0,0,0,0,0,0,0,0,0,0,0,0,0,0,0,0,0,0,0,0,0,0,0,0,0,0,0,1,1,1,1,1,1,1,0,0,0,0,1,1,1,1,1,1,0,0,0,0,0,0,0,0,1,1,0,0,1,1,1,1,1,0,0,0,0
225,Titus,2,2,4,6,6,6,6,7,8,8,7,7,8,8,9,10,9,10,10,10,10,9,9,10,11,11,13,13,12,13,17,17,17,23,22,24,46,60,67,80,77,83,110,120,164,194,218,214,219,286,295,379,393,365,370,372,359,364,344,330,340,339,334,295,278,210,201,261,254,247,242,229,215,214,191,193,184,170,164,156,161,116,110,103,102,112,96,124,122,82,82,177,175,178,170,169,184,201,193,183,194,224,126,132,139,149,176,180,195,215,219,204,233,243,212,226,191,193,179,179,187,183,194,157,157
226,Tom Green,23,24,23,29,30,32,30,33,31,32,32,26,20,20,20,20,20,4,3,5,6,6,12,16,14,16,19,20,21,20,21,21,21,19,19,17,17,13,15,13,10,9,9,9,8,9,9,9,9,8,9,11,10,7,11,11,11,10,8,7,16,16,18,19,19,18,24,31,37,38,53,63,84,104,103,111,115,123,128,140,144,152,172,182,189,194,203,221,252,271,343,355,415,417,442,461,482,513,802,883,920,1014,774,782,754,756,747,781,820,838,827,807,590,522,475,391,596,596,585,585,551,524,481,470,449
227,Travis,433,469,495,525,554,593,606,681,692,718,733,712,802,790,817,862,867,903,965,962,974,1016,1070,1085,1110,1120,1147,1162,1184,1201,1230,1265,1230,1322,1347,1346,1382,1390,1409,1425,1456,1490,1543,1589,1625,1681,1702,1697,1743,1808,1812,1852,1898,1941,1971,1962,1971,1960,489,471,486,494,502,535,629,694,757,785,901,854,829,848,1066,898,1109,1455,1783,1715,1686,1722,1905,1429,1982,2227,2288,2306,2412,2555,2600,2535,2637,2434,2420,2688,2913,3064,3186,2757,2891,2948,3066,3122,3157,3192,2917,2577,2718,2622,2492,2435,2539,2212,2118,2052,1923,1944,1874,1856,1712,1712,1519,1252,1126,1075,1034
228,Trinity,2,2,3,3,3,3,3,4,4,7,7,5,5,5,5,5,5,6,6,6,6,5,5,2,2,2,2,2,3,4,4,4,4,4,4,4,4,4,4,4,4,3,2,2,2,3,3,3,3,3,3,3,3,4,5,5,5,5,10,8,8,8,8,9,9,9,9,9,8,8,3,6,3,3,4,5,5,4,6,8,8,12,12,12,16,17,22,22,23,25,25,24,22,24,28,28,37,49,44,42,45,47,49,49,54,56,55,63,65,61,59,46,46,51,43,43,49,57,39,39,48,48,49,35,35
229,Tyler,1,1,1,1,2,2,2,2,3,4,4,4,4,5,5,5,5,5,4,4,4,4,4,3,3,2,2,1,2,2,2,2,2,2,2,2,2,2,2,4,4,3,4,3,3,3,4,4,4,4,4,4,4,4,4,4,3,3,5,5,5,6,6,6,6,6,6,5,5,5,3,3,1,1,4,3,3,5,6,6,6,6,10,10,12,11,10,13,10,12,12,15,15,15,21,21,22,22,30,30,30,32,33,34,34,19,20,21,11,38,46,46,39,46,35,27,30,29,19,19,19,20,20,11,11
230,Upshur,4,5,5,5,5,7,6,7,7,7,7,7,7,7,5,7,7,8,8,6,6,6,6,7,7,7,7,7,7,6,6,6,6,5,5,5,5,4,4,4,4,4,4,3,3,3,3,2,2,3,3,4,4,9,9,9,10,11,11,13,14,13,13,16,16,16,17,13,13,14,16,16,15,13,13,15,15,12,14,14,13,13,13,12,16,19,23,27,28,27,28,32,31,35,39,43,48,53,44,43,46,42,45,47,54,58,60,62,67,71,73,67,78,79,69,77,78,79,64,64,71,72,77,71,72
231,Upton,0,0,0,0,0,0,0,0,0,0,0,0,0,0,0,0,0,0,0,0,0,0,0,0,0,0,0,0,0,0,0,0,0,0,0,0,0,0,0,0,0,0,0,0,0,0,0,0,0,0,0,0,0,0,0,0,0,0,0,0,0,0,0,0,0,0,0,0,0,1,0,0,0,1,1,1,1,2,2,2,2,2,2,1,3,3,4,5,5,5,5,5,5,8,9,8,8,8,8,8,7,8,6,6,8,7,7,6,4,5,4,4,4,4,6,3,6,6,4,4,3,4,3,3,3
232,Uvalde,5,5,6,6,5,4,4,4,3,3,3,3,0,0,0,0,0,0,0,0,0,0,0,0,0,0,0,0,0,0,0,0,0,0,0,0,0,0,0,0,0,0,0,0,0,0,0,0,0,0,0,0,1,5,6,6,8,10,12,11,11,7,7,0,1,1,1,1,2,3,2,5,3,4,8,6,7,7,8,13,17,16,24,27,33,26,38,29,56,55,63,63,69,72,73,75,74,68,68,63,64,82,81,76,64,71,61,62,72,71,68,67,51,50,48,51,42,46,38,38,33,31,25,28,35
233,Val Verde,6,6,5,4,7,6,6,8,8,8,8,8,8,8,7,7,7,7,4,4,4,2,2,1,1,2,2,2,2,2,2,2,2,2,2,2,1,1,1,0,0,0,0,0,0,0,0,0,0,1,1,1,5,5,5,5,8,8,8,8,8,8,8,7,7,7,4,4,4,4,2,2,20,20,40,40,40,66,66,66,89,88,88,88,88,88,48,48,225,225,225,185,286,286,400,400,400,400,365,514,514,514,514,514,514,514,514,514,514,514,509,85,591,590,429,595,594,594,594,594,738,727,725,725,704
234,Van Zandt,3,5,5,8,8,9,8,8,8,8,8,9,9,9,8,7,7,5,5,5,5,6,6,5,6,6,6,6,6,7,7,7,7,6,6,5,9,9,8,7,7,7,8,7,8,9,9,9,9,9,10,10,10,11,11,11,13,13,12,13,15,15,15,16,13,16,16,18,17,17,20,21,20,18,16,16,16,20,19,23,29,27,33,33,35,40,60,51,51,74,74,89,112,120,129,144,144,144,171,163,168,174,189,189,189,209,214,226,205,182,185,185,197,206,207,213,217,217,216,216,246,252,259,211,211
235,Victoria,50,59,64,71,74,75,76,80,75,72,66,62,66,64,54,48,50,45,51,53,54,54,53,58,62,62,57,56,57,59,52,52,52,41,37,30,30,29,25,23,22,24,22,20,19,19,17,15,13,14,12,11,11,10,11,8,6,8,13,16,15,15,15,19,23,25,25,38,40,39,42,45,58,73,73,73,73,137,170,193,193,291,289,289,286,499,488,388,658,658,547,643,737,495,759,759,759,759,647,1036,971,1163,1163,1163,957,1341,1200,1253,1335,1399,1403,1182,1271,1082,1192,1274,1274,1273,1136,1136,1043,1018,962,886,867
236,Walker,10,9,9,11,15,15,19,36,34,52,63,60,69,65,87,86,126,139,148,148,173,167,179,196,213,212,233,236,214,224,203,209,203,206,186,179,220,146,136,165,151,149,170,271,137,129,148,158,149,146,344,534,521,570,1070,1063,1161,1230,1392,1430,1417,1406,1403,1417,1197,1098,1099,1041,623,639,538,412,359,330,335,320,344,346,383,371,360,369,326,304,318,335,228,261,261,262,276,280,330,353,375,404,420,394,513,479,478,506,491,509,507,529,519,496,404,389,393,418,424,422,377,374,396,413,407,407,419,412,417,404,502
237,Waller,11,11,12,13,14,13,14,16,18,18,17,16,18,17,15,18,15,15,17,17,16,17,14,14,14,15,13,13,12,13,15,14,15,12,11,11,10,8,8,9,10,9,12,12,11,11,12,14,18,18,21,20,20,20,19,24,22,20,21,22,24,26,22,27,33,35,38,32,35,33,34,41,41,44,43,43,47,48,51,53,49,54,63,66,67,65,86,87,100,97,108,117,127,138,148,157,169,165,136,132,135,128,128,130,140,139,145,152,151,152,149,179,178,182,183,178,183,191,184,184,180,185,188,186,187
238,Ward,0,0,0,0,0,0,0,0,0,0,0,0,0,0,0,0,0,0,0,0,0,0,0,0,0,0,0,0,0,0,0,0,0,0,0,0,0,0,0,0,0,0,0,0,0,0,1,1,1,1,1,1,1,1,1,1,1,1,1,1,0,0,0,1,1,1,3,3,3,3,6,6,6,6,7,7,7,6,7,9,9,11,11,11,13,14,14,15,15,17,17,22,22,22,26,34,34,36,37,38,41,45,47,45,45,41,41,48,43,34,34,32,34,33,32,29,25,25,25,25,26,23,25,25,25
239,Washington,20,22,27,33,31,31,29,29,24,29,29,32,35,44,45,47,64,55,75,85,84,107,107,106,108,107,104,104,106,109,103,106,103,114,111,112,116,115,118,120,120,119,121,123,124,109,113,113,113,112,111,106,105,109,109,109,111,110,108,108,108,108,107,106,111,112,51,53,53,53,53,54,56,57,58,63,68,72,74,75,74,87,88,92,94,102,102,59,64,60,75,72,94,95,108,96,94,92,181,100,100,107,203,108,92,100,112,116,109,112,110,109,112,102,102,103,115,120,127,127,95,87,307,323,90
240,Webb,112,123,141,150,150,165,163,169,181,186,186,180,171,184,182,196,202,216,233,234,237,229,232,237,242,232,249,251,235,229,211,204,211,208,209,197,196,179,165,168,175,174,162,173,179,156,142,151,155,155,154,157,146,124,130,132,123,116,122,131,151,151,136,141,157,167,176,190,190,166,194,231,261,292,312,312,363,350,404,397,444,555,604,762,772,785,816,895,965,1022,1059,1150,1242,1280,1502,1643,1815,1944,2029,2222,2320,2500,2599,2748,2849,2988,3080,3245,3433,3599,3801,3840,3836,4040,4234,4360,4551,4658,4650,4650,4842,4535,4661,4522,4481
241,Wharton,17,15,16,18,21,21,22,23,25,25,25,27,27,24,22,22,22,20,18,16,14,13,11,10,10,9,8,10,9,9,9,10,9,8,9,9,9,7,7,7,6,5,6,7,6,4,4,5,10,14,15,16,16,16,17,16,21,24,26,29,31,31,27,31,32,32,34,37,38,38,37,34,34,47,46,48,48,44,66,68,82,96,102,105,107,113,144,151,155,155,161,169,176,187,237,253,264,261,178,170,173,178,182,190,207,218,221,219,234,245,230,247,252,300,292,298,311,322,315,315,290,303,317,326,333
242,Wheeler,0,0,0,0,0,0,0,0,0,0,0,0,0,0,0,1,1,3,3,5,5,5,7,7,7,8,9,9,11,11,11,11,11,10,10,10,8,8,8,8,7,7,5,5,5,5,5,4,4,3,3,3,3,3,2,2,2,1,1,1,1,1,1,0,0,0,0,0,0,0,0,1,1,1,1,1,1,1,1,1,1,1,1,1,1,0,2,3,3,3,3,3,3,3,3,4,4,4,7,6,5,7,8,8,9,9,10,10,11,12,12,12,10,10,10,8,7,7,6,6,6,7,6,4,4
243,Wichita,44,44,44,43,42,35,34,32,26,27,22,21,41,36,36,35,29,28,28,27,18,16,17,17,15,15,15,13,16,17,17,17,17,21,21,21,21,22,19,19,19,16,17,19,16,16,16,16,16,13,15,14,14,14,14,14,15,14,14,10,10,10,9,12,12,13,14,20,20,19,37,40,57,69,88,88,88,120,149,168,188,187,217,213,229,273,303,326,331,341,343,357,404,434,451,469,485,477,507,492,481,479,507,507,487,497,489,513,484,492,492,442,440,464,447,308,324,323,280,280,252,232,243,261,261
244,Wilbarger,0,0,0,0,0,0,0,1,1,1,1,1,1,1,1,1,1,1,1,1,1,0,0,0,0,0,0,0,0,1,1,1,1,1,1,1,1,1,4,4,4,4,5,4,4,4,4,4,4,4,4,4,3,3,3,3,2,2,2,2,2,2,2,2,2,2,1,1,1,1,0,0,0,0,0,0,0,1,2,2,2,2,2,2,3,3,3,4,5,5,5,5,7,8,5,5,5,2,4,5,3,4,6,6,4,7,7,5,3,7,6,2,0,6,6,8,9,9,0,0,0,4,6,11,11
245,Willacy,4,6,4,3,3,2,2,2,3,4,2,3,4,4,5,4,6,6,9,9,9,9,8,7,7,6,6,6,5,4,5,5,5,2,3,3,3,3,3,3,2,2,2,3,2,1,1,1,1,1,1,0,1,2,2,4,6,5,5,11,20,22,22,27,29,32,35,36,38,40,40,44,50,50,50,53,59,65,74,76,80,83,89,101,102,100,108,106,107,117,119,121,117,118,123,134,192,213,223,266,290,306,315,300,266,289,290,291,298,302,299,300,301,299,302,303,307,305,306,306,353,377,355,358,330
246,Williamson,67,68,75,77,79,80,84,82,81,81,86,86,52,52,51,52,47,53,74,69,112,126,111,110,113,113,117,122,122,123,124,132,124,142,147,143,150,159,168,173,183,194,191,201,201,206,206,209,207,209,217,201,194,198,197,198,193,187,186,192,177,155,156,148,183,190,204,222,255,290,332,370,409,435,471,533,607,657,729,825,893,917,980,1121,1159,1259,1343,1377,1455,1455,1455,2135,2134,2422,2594,2631,2721,855,982,944,944,863,847,955,953,854,831,768,833,813,605,556,515,539,488,558,655,653,428,428,596,504,391,577,575
247,Wilson,7,7,8,9,8,9,9,9,7,8,13,13,15,15,15,15,16,15,16,18,18,18,20,19,14,15,13,13,13,12,10,10,10,8,9,8,7,7,7,6,5,5,4,4,5,5,5,4,3,3,3,2,2,2,2,2,4,4,4,7,6,8,8,8,9,8,12,14,14,14,14,13,15,23,26,29,28,32,36,39,35,39,37,37,48,51,28,29,48,47,44,55,54,72,73,89,100,99,100,113,123,135,237,245,245,64,18,0,0,3,0,0,0,0,0,0,0,0,3,3,89,87,82,75,74
248,Winkler,0,0,0,1,1,1,1,1,2,2,3,3,3,3,3,3,3,2,2,2,2,2,1,1,1,1,1,1,1,1,1,1,1,1,1,0,0,0,0,0,0,0,0,0,0,0,0,0,0,0,0,0,0,0,0,0,0,0,0,0,0,0,0,0,0,0,1,1,1,1,1,1,2,3,3,3,3,3,5,7,8,10,10,12,17,20,21,21,24,24,24,32,31,31,30,28,28,28,27,27,27,30,31,31,31,25,26,30,30,32,30,29,26,24,23,20,19,18,18,18,17,16,23,24,23
249,Wise,3,3,3,4,5,5,4,4,5,4,4,5,5,5,8,9,10,9,9,9,9,9,9,10,10,16,16,18,16,17,5,5,5,17,17,18,20,21,21,16,16,15,16,11,11,11,11,11,11,11,11,11,11,11,11,11,11,11,11,11,11,11,11,11,11,11,11,11,11,11,11,11,11,11,11,11,11,11,11,11,11,11,11,11,11,11,11,11,11,11,11,88,76,83,34,44,44,35,52,50,44,49,48,48,29,39,39,40,32,38,39,19,28,28,23,21,23,23,0,0,11,10,9,28,27
250,Wood,4,4,4,5,5,5,5,6,5,5,5,5,4,4,3,3,3,3,3,3,3,2,2,3,4,5,5,5,6,6,6,7,6,8,8,8,8,8,9,9,9,9,12,11,11,9,10,10,10,9,11,12,11,12,12,12,11,16,17,17,25,25,25,27,25,23,22,23,23,23,24,25,29,33,26,26,26,29,30,31,32,30,32,32,31,36,52,31,30,31,31,40,48,51,44,47,47,47,68,78,87,68,74,74,74,93,65,74,93,109,110,111,131,131,145,153,160,160,98,98,120,122,80,79,79
251,Yoakum,0,0,0,0,0,0,0,0,0,0,0,1,1,1,1,1,1,1,1,1,1,1,1,1,1,0,0,0,1,1,1,1,1,1,1,1,1,1,1,1,1,1,0,1,1,1,1,1,1,1,1,1,1,1,1,1,1,0,0,0,0,0,0,2,5,5,5,6,6,6,7,7,8,8,10,10,10,10,8,12,14,13,13,13,15,15,21,5,13,13,13,14,15,15,10,12,12,7,7,7,8,13,19,19,19,13,12,18,20,20,20,15,18,17,24,22,30,30,23,23,26,31,28,30,30
252,Young,3,3,3,2,2,2,2,2,1,1,1,1,1,1,1,1,1,1,1,1,1,0,0,0,0,0,0,0,0,0,0,0,0,0,0,0,0,0,0,0,0,0,0,0,0,0,0,0,0,0,0,0,0,0,0,0,0,0,0,2,2,2,2,2,7,9,10,11,11,11,11,11,11,10,10,10,10,11,12,11,10,9,9,9,11,12,17,19,20,20,20,19,19,23,8,15,15,16,18,15,16,13,16,16,15,6,11,11,14,23,21,11,12,16,11,14,19,19,3,3,9,3,6,15,14
253,Zapata,1,1,3,3,3,3,3,3,4,4,6,6,6,6,5,6,5,5,5,5,5,5,4,4,2,2,2,2,2,1,1,1,1,1,1,1,1,1,1,1,1,1,0,1,1,1,1,1,1,1,1,1,1,2,2,2,3,3,3,3,3,4,4,4,4,4,6,5,6,6,14,14,21,21,22,22,22,29,29,30,29,31,31,31,27,31,28,17,16,16,18,20,21,22,24,24,34,38,36,52,57,56,57,52,52,52,42,34,32,33,34,34,37,35,61,63,63,63,63,63,71,73,47,38,33
254,Zavala,0,0,0,0,0,0,0,0,0,0,1,1,1,1,1,1,1,1,1,1,1,1,1,1,0,0,0,0,0,0,0,0,0,1,1,6,8,8,8,8,8,8,9,9,10,10,9,9,9,5,4,4,4,4,4,4,5,4,3,3,3,3,3,3,3,3,3,3,2,2,2,2,2,2,2,1,1,2,4,5,6,6,6,6,8,8,5,5,7,7,7,11,10,17,18,21,32,31,30,39,48,54,59,64,64,4,9,20,26,31,28,14,8,22,22,14,19,19,21,21,98,90,85,85,85
,,,,,,,,,,,,,,,,,,,,,,,,,,,,,,,,,,,,,,,,,,,,,,,,,,,,,,,,,,,,,,,,,,,,,,,,,,,,,,,,,,,,,,,,,,,,,,,,,,,,,,,,,,,,,,,,,,,,,,,,,,,,,,
,,,,,,,,,,,,,,,,,,,,,,,,,,,,,,,,,,,,,,,,,,,,,,,,,,,,,,,,,,,,,,,,,,,,,,,,,,,,,,,,,,,,,,,,,,,,,,,,,,,,,,,,,,,,,,,,,,,,,,,,,,,,,,