0,1,2,3,4,5,6,7,8,9,10,11,12,13,14,15,16,17,18,19,20,21,22,23,24,25,26,27,28,29,30,31,32,33,34,35,36,37,38,39,40,41,42,43,44,45,46,47,48,49,50,51,52,53,54,55,56,57,58,59,60,61,62,63,64,65,66,67,68,69,70,71,72,73,74,75,76,77,78,79,80
1,Anderson,1,1,2,2,3,3,3,3,3,5,5,5,7,7,9,13,12,14,14,16,17,21,20,24,25,27,25,25,26,27,29,28,29,26,25,31,31,27,27,28,28,27,32,29,29,30,31,30,30,23,23,22,27,24,24,23,22,23,28,29,25,25,24,30,30,34,29,34,34,34,916,915,922,925,924,924,923,921,925
2,Andrews,10,10,10,11,11,11,12,13,13,19,19,18,14,14,11,11,11,10,10,10,9,9,9,4,5,5,6,6,6,6,5,5,5,4,4,5,5,5,4,3,3,1,1,1,1,2,2,3,6,6,6,6,6,6,6,6,5,5,5,0,0,0,0,0,0,0,0,1,1,1,3,3,3,5,12,14,14,14,16
3,Angelina,14,14,14,15,15,14,14,14,13,16,17,15,15,12,16,19,19,20,23,23,23,32,35,36,35,36,36,36,60,67,74,81,74,81,70,86,86,88,100,108,108,84,99,98,112,116,119,119,119,119,99,107,109,111,111,111,120,105,105,105,110,110,110,72,116,116,144,144,144,120,142,163,162,176,190,190,149,184,195
4,Aransas,1,2,2,2,2,2,2,2,2,2,2,2,1,1,1,0,0,0,0,0,0,0,0,0,0,0,0,0,0,0,0,0,0,0,0,0,0,1,1,1,1,1,1,2,3,3,3,3,3,3,3,2,2,2,2,2,2,1,1,1,1,1,1,1,1,1,2,2,2,1,2,2,2,2,2,2,2,5,5
5,Archer,0,0,0,0,0,0,0,0,0,0,0,0,0,0,0,0,0,0,0,0,0,0,0,0,0,0,0,0,0,0,0,0,0,0,0,0,0,0,1,1,1,1,1,1,1,1,1,1,1,1,1,1,0,0,0,0,0,0,0,1,1,1,1,2,2,2,2,2,2,2,2,2,2,1,1,1,1,1,2
6,Armstrong,0,0,0,0,0,0,0,1,1,1,1,1,1,1,1,1,1,1,2,2,2,1,1,1,1,1,1,1,1,1,1,1,1,0,0,0,0,0,0,0,0,0,0,0,0,0,0,0,0,0,0,0,1,1,1,1,1,1,1,1,1,1,1,1,1,1,0,0,0,0,0,0,0,0,0,0,0,0,0
7,Atascosa,4,3,3,5,6,7,7,7,7,7,7,7,7,9,10,9,9,7,7,5,5,7,7,10,10,10,10,9,7,9,10,10,10,10,12,13,12,10,13,13,13,13,15,13,15,15,15,14,12,10,10,10,7,7,9,8,7,7,5,8,8,10,9,9,12,10,10,8,7,7,6,6,8,23,30,30,29,38,41
8,Austin,6,6,6,7,7,8,9,10,10,9,9,9,8,8,7,6,6,6,6,4,3,2,3,3,3,3,3,3,3,4,3,3,3,4,4,4,3,4,4,6,6,6,7,5,5,5,5,5,5,5,5,5,5,5,5,5,5,5,5,5,5,5,5,5,5,5,5,5,5,5,5,5,5,5,5,5,5,5,5
9,Bailey,0,0,0,0,0,0,0,0,0,0,0,0,0,0,0,0,0,0,0,0,0,0,0,0,0,0,0,0,1,2,2,2,2,3,3,3,3,3,3,6,6,8,9,5,5,5,5,5,5,5,5,5,5,5,5,5,5,5,5,5,5,5,5,5,5,5,5,5,5,5,5,5,5,5,5,5,5,5,5
10,Bandera,0,0,1,1,2,2,2,2,2,3,4,4,4,4,4,4,3,3,2,4,4,4,4,4,3,3,3,3,3,3,3,3,3,1,1,1,1,1,1,1,1,1,0,0,0,0,0,0,0,0,0,0,0,0,0,0,0,0,0,0,0,0,0,0,0,0,1,1,1,1,1,1,2,7,9,9,9,10,9
11,Bastrop,14,15,13,16,16,14,13,13,25,30,35,35,35,34,37,36,40,44,44,45,46,42,49,52,59,52,55,57,66,68,71,69,71,72,73,78,77,82,85,89,89,87,103,106,113,116,108,112,117,118,118,111,115,117,124,125,129,139,142,147,151,155,153,161,167,172,167,171,173,173,191,207,219,211,211,211,232,231,234
12,Baylor,0,0,0,0,0,0,0,0,0,0,0,0,0,0,0,0,0,0,0,0,0,0,0,0,0,0,0,0,0,0,0,0,0,0,0,0,0,0,0,0,0,0,0,0,0,0,0,0,0,0,0,0,0,0,0,0,0,0,0,3,1,1,1,1,1,1,1,1,1,1,1,1,1,0,0,0,0,0,1
13,Bee,0,1,1,1,2,2,2,3,3,3,5,5,5,5,5,4,5,5,3,3,3,3,3,4,2,2,2,2,2,2,1,1,1,2,2,2,2,1,1,1,1,1,0,1,2,2,2,3,3,3,3,3,3,3,3,3,4,4,3,10,14,14,14,16,18,19,23,23,23,23,23,22,22,17,15,17,17,15,14
14,Bell,53,55,57,66,66,76,76,76,73,76,81,83,65,57,60,69,77,85,89,89,89,97,104,107,92,96,97,81,85,84,87,84,87,86,82,76,83,85,90,96,96,95,107,114,129,126,130,130,130,115,142,148,151,154,159,168,181,201,213,210,224,224,213,231,264,279,323,354,378,363,366,373,421,455,503,507,480,517,557
15,Bexar,399,431,469,507,545,588,623,631,624,677,685,656,678,700,665,691,726,741,655,657,680,657,672,642,644,704,781,809,802,791,841,824,841,869,867,835,835,867,911,987,987,959,998,1052,1059,1062,1064,1085,1074,1081,1074,1087,1130,1144,1275,1034,1019,999,1009,1017,1104,1135,1141,1133,1260,1350,1487,1657,1774,2018,2005,2439,2687,2977,3343,3474,3978,4232,4392
16,Blanco,3,3,3,3,3,3,3,3,3,3,4,2,2,3,1,2,4,4,4,4,2,1,1,1,1,1,1,1,1,1,1,1,1,1,1,1,1,0,0,0,0,0,0,1,1,2,2,2,2,2,2,2,3,3,4,4,4,4,4,4,4,4,4,5,5,4,3,3,3,3,3,4,5,6,6,6,14,16,19
17,Borden,0,0,0,0,0,0,0,0,0,0,0,0,0,0,0,0,0,0,0,0,0,0,0,0,0,0,0,0,0,0,0,0,0,0,0,0,0,0,0,0,0,0,0,0,0,0,0,0,0,0,0,0,0,0,0,0,0,0,0,0,0,0,0,0,0,0,0,0,0,0,0,0,0,0,0,0,0,0,0
18,Bosque,0,0,0,0,0,0,0,0,1,1,1,1,1,1,3,3,3,3,3,4,2,2,2,2,2,2,2,2,3,3,3,3,3,3,3,4,4,4,4,4,4,4,4,4,4,4,4,4,4,4,4,4,4,5,5,5,5,5,5,5,5,5,5,5,5,5,5,4,4,4,3,3,3,3,3,6,6,6,6
19,Bowie,15,18,21,26,27,29,28,24,29,37,44,42,43,46,50,50,47,44,43,42,42,43,39,32,30,28,27,27,25,19,19,19,19,17,16,18,20,57,56,62,64,62,60,99,101,79,77,76,76,66,73,75,76,76,141,143,144,131,138,161,171,197,197,216,216,195,197,195,143,133,134,123,118,122,115,90,90,86,82
20,Brazoria,152,157,157,166,172,174,186,185,181,183,184,191,141,142,139,142,169,160,171,199,196,202,207,209,232,257,262,268,268,260,262,280,262,309,307,315,315,330,327,337,344,375,386,377,386,394,396,406,396,384,387,390,405,411,424,408,400,410,417,424,446,446,412,168,167,173,190,0,0,0,603,621,641,676,713,771,803,1035,1049
21,Brazos,77,77,83,81,78,93,95,96,95,90,93,95,103,99,97,97,96,84,88,88,82,80,84,87,90,71,77,77,78,84,96,106,96,127,133,138,147,140,143,150,156,160,168,158,174,184,194,246,248,247,242,253,261,268,275,281,285,284,298,312,345,385,406,384,413,387,413,424,483,482,319,362,493,507,558,599,611,595,615
22,Brewster,0,0,0,0,0,0,0,0,0,0,0,0,0,0,0,0,0,0,0,0,0,0,0,0,1,1,1,1,1,1,1,1,1,1,1,1,1,1,0,0,0,0,0,0,0,0,0,0,0,0,0,0,0,0,0,0,0,0,0,0,0,0,0,0,0,0,0,3,6,10,12,17,21,23,23,23,38,44,60
23,Briscoe,0,0,0,0,0,0,0,0,0,0,0,0,0,0,0,0,0,0,0,0,0,0,0,0,0,1,1,1,1,1,1,1,1,1,1,1,1,1,1,0,0,0,0,0,0,0,0,0,0,0,0,0,0,0,0,0,0,0,0,0,0,0,0,0,0,0,0,0,0,0,0,0,0,0,0,0,0,0,0
24,Brooks,0,0,0,0,0,0,0,0,0,0,0,0,0,0,0,1,1,1,1,1,1,1,1,1,1,1,1,1,1,0,0,0,0,0,0,0,0,0,0,0,0,0,0,0,0,0,0,0,0,0,0,0,0,0,0,0,0,0,0,0,0,0,0,0,0,0,0,0,1,1,1,1,1,1,1,2,2,2,2
25,Brown,4,4,6,6,8,8,8,8,8,9,8,8,5,3,3,1,1,5,5,5,15,20,20,21,21,20,20,19,20,18,15,15,15,15,15,14,19,19,19,19,19,17,14,18,18,17,18,18,18,17,17,17,18,18,18,17,10,9,9,9,9,9,6,6,6,6,6,6,6,3,4,4,3,4,4,4,4,7,6
26,Burleson,5,5,5,6,5,5,5,5,7,7,8,6,6,6,5,6,10,9,9,9,9,10,10,10,11,12,12,12,12,12,11,12,11,12,12,13,13,14,14,15,15,15,17,17,17,16,16,16,16,16,16,16,17,17,17,18,18,18,20,21,24,23,23,26,30,28,28,29,29,29,32,33,37,37,38,39,44,49,49
27,Burnet,4,4,4,5,5,5,4,4,5,4,5,5,5,6,9,9,11,11,11,11,11,11,12,15,15,15,14,18,19,19,16,17,16,18,15,16,15,14,14,14,14,14,14,14,9,8,7,7,7,8,7,9,11,12,13,14,15,16,18,18,19,21,19,15,15,15,15,20,21,21,20,21,29,32,33,33,42,50,47
28,Caldwell,5,5,5,6,5,5,5,5,5,6,5,5,5,5,5,4,6,6,6,7,6,6,6,9,9,15,15,16,18,19,19,19,19,21,24,24,26,26,28,29,29,29,32,32,33,40,38,38,38,39,39,44,50,51,49,50,50,51,50,50,52,48,48,47,49,53,53,59,111,111,118,130,147,154,165,173,182,231,241
29,Calhoun,12,12,11,12,12,13,13,17,13,13,15,15,11,10,10,10,11,10,13,12,15,11,11,11,10,11,12,12,13,13,12,14,12,11,9,9,9,8,8,7,6,5,4,5,5,4,4,4,3,3,3,3,2,2,2,2,2,1,1,1,2,3,3,4,5,8,9,9,9,9,9,9,9,15,17,16,16,16,17
30,Callahan,1,1,1,1,1,1,1,1,1,1,1,1,1,1,0,0,0,0,0,0,0,1,1,1,1,1,1,1,1,1,3,4,3,4,4,3,4,5,5,7,7,7,7,0,0,0,0,0,0,0,0,0,0,0,0,0,0,0,0,0,0,0,0,0,0,0,0,0,0,0,0,0,0,0,0,0,0,0,0
31,Cameron,95,102,111,136,146,176,176,192,215,221,222,224,184,176,187,176,164,162,181,193,189,191,193,197,203,201,212,210,211,196,203,207,203,225,207,207,189,192,204,158,194,192,196,201,214,177,181,192,192,167,156,160,156,159,169,162,159,164,180,187,196,225,208,222,225,244,243,277,334,313,327,366,397,444,462,554,496,536,575
32,Camp,2,2,3,3,3,3,3,5,4,5,5,5,5,5,4,4,4,4,4,4,4,2,2,1,1,1,2,2,2,2,2,2,2,2,2,2,6,8,11,15,14,17,19,23,23,23,23,23,23,23,23,23,23,23,23,23,23,23,23,23,23,23,23,23,23,23,23,23,23,23,23,23,23,23,23,23,23,23,23
33,Carson,0,0,0,0,0,0,0,0,0,0,0,1,1,1,1,1,1,1,1,1,1,1,2,2,2,1,2,2,2,2,2,2,2,2,2,2,1,1,1,1,2,3,3,2,3,3,3,3,3,3,3,3,3,3,2,2,2,2,1,1,1,1,1,1,1,1,1,1,1,1,1,1,0,0,0,0,0,0,0
34,Cass,3,3,3,3,2,3,3,3,3,2,2,7,8,9,7,7,7,9,9,9,9,9,9,9,10,7,6,5,7,8,8,7,8,9,9,6,6,6,6,6,6,7,7,5,5,5,5,3,3,7,9,13,12,11,11,10,10,9,9,9,10,10,10,9,8,5,6,6,5,5,4,6,7,7,6,6,6,5,5
35,Castro,7,7,4,3,3,4,4,4,4,4,3,3,3,3,3,4,5,5,4,3,3,3,2,2,4,4,4,7,7,8,10,10,10,11,11,11,12,12,13,12,13,10,11,10,9,11,12,11,11,11,10,9,8,10,9,9,8,8,8,6,6,5,5,6,7,7,9,11,11,11,16,16,17,18,17,17,24,28,29
36,Chambers,15,17,20,22,22,27,25,23,24,26,25,26,16,16,15,15,16,16,15,15,14,11,8,8,8,9,10,8,7,7,8,7,8,9,9,8,8,6,8,8,9,6,8,11,9,8,8,9,11,7,8,6,8,10,11,10,8,9,10,11,13,14,17,15,15,17,26,30,32,33,36,44,41,48,57,64,57,67,66
37,Cherokee,6,6,6,5,5,5,5,4,3,3,3,3,3,3,2,2,2,6,6,6,6,8,8,7,9,10,10,9,11,12,12,7,12,7,7,10,14,14,17,19,19,19,18,19,25,24,25,25,25,20,19,19,16,13,13,13,14,13,10,14,14,14,14,17,15,15,15,14,13,13,18,16,19,20,18,18,17,26,30
38,Childress,0,0,0,0,0,0,0,0,0,0,0,0,1,1,1,1,1,1,1,1,1,1,1,1,1,1,0,0,0,0,0,0,0,1,1,1,1,1,1,1,1,1,1,1,1,1,1,0,0,0,0,0,0,0,0,0,0,0,0,0,0,0,0,2,4,4,4,4,4,4,4,4,4,4,4,4,4,2,2
39,Clay,1,1,1,1,2,2,2,2,2,2,2,2,2,2,2,2,2,2,1,1,1,1,1,1,1,1,0,0,0,0,0,0,0,0,0,0,0,0,0,0,0,0,0,0,0,0,0,0,0,0,0,0,0,0,0,0,1,1,2,2,2,2,2,2,2,2,2,2,2,2,1,1,0,0,0,0,0,0,0
40,Cochran,0,0,0,0,0,0,0,0,0,0,0,0,0,0,0,0,1,1,1,1,1,1,1,1,1,1,1,1,1,1,0,0,0,0,0,0,0,0,0,0,0,0,0,0,0,0,0,0,0,0,0,0,0,0,0,0,0,0,0,0,0,0,0,0,0,0,0,0,0,0,0,0,0,0,0,0,0,0,0
41,Coke,0,0,0,0,0,0,0,0,0,0,0,0,0,0,0,0,0,0,0,0,0,0,0,0,0,0,0,0,1,1,1,1,1,1,1,1,1,1,1,1,1,1,0,0,0,0,0,0,0,0,0,0,0,0,0,0,0,0,0,0,0,0,0,0,0,1,3,3,3,3,3,3,3,3,3,3,3,3,3
42,Coleman,0,0,0,0,0,0,0,0,0,0,0,0,0,0,0,0,0,0,0,0,0,0,0,0,0,1,1,1,1,1,2,2,2,2,2,2,2,2,2,1,1,1,1,1,0,0,0,0,0,0,0,1,1,1,1,1,1,2,2,2,1,1,1,1,1,0,0,0,0,0,0,0,0,0,0,0,0,0,0
43,Collin,272,304,331,330,324,332,339,335,321,338,313,306,185,183,148,135,141,149,168,179,183,186,186,195,195,228,244,234,233,249,248,253,248,287,285,287,266,287,278,285,290,284,288,302,305,301,296,300,313,279,287,292,292,323,341,356,324,330,354,373,377,369,355,432,432,245,235,311,318,335,451,513,608,664,693,809,837,858,952
44,Collingsworth,0,0,0,0,0,0,0,0,0,0,0,0,0,0,0,0,0,0,0,0,0,0,0,0,0,0,0,0,1,1,1,1,1,4,4,4,4,4,4,4,4,4,3,3,3,3,3,1,1,2,2,2,2,2,2,2,2,2,2,2,2,2,2,1,1,0,0,0,0,0,0,0,0,0,0,0,0,0,0
45,Colorado,3,6,6,6,7,7,7,7,5,5,5,6,6,6,7,4,5,5,4,4,4,4,4,4,5,5,3,3,2,4,4,5,4,7,7,7,9,9,8,8,9,9,10,5,5,5,5,5,5,5,5,5,5,5,5,5,5,5,5,5,5,5,5,5,5,5,5,5,5,5,5,5,5,5,5,5,5,5,5
46,Comal,17,21,20,24,27,27,27,25,26,29,24,24,7,7,5,5,7,8,8,8,7,7,10,12,10,13,13,11,10,9,11,11,11,11,11,4,7,7,6,8,8,8,9,10,16,19,20,20,20,20,21,14,16,20,18,14,14,19,18,13,17,17,13,5,14,15,13,17,25,25,15,48,49,55,67,107,107,82,128
47,Comanche,3,3,3,3,3,3,3,3,2,2,2,2,2,2,1,1,1,1,1,1,1,1,1,0,0,0,0,0,0,0,0,0,0,0,0,0,0,0,0,0,0,0,2,2,2,7,7,7,7,6,6,6,8,9,9,9,7,7,7,3,3,3,3,4,4,4,3,2,2,2,4,4,4,4,3,3,3,2,2
48,Concho,0,0,0,1,1,1,1,1,1,1,1,1,1,1,1,1,1,0,0,0,0,0,0,0,0,0,0,0,0,0,0,0,0,0,0,0,0,0,0,0,0,0,0,0,0,0,0,0,0,0,0,0,0,0,0,0,0,0,0,0,0,0,0,0,0,0,0,0,0,0,0,0,0,0,1,1,1,1,1
49,Cooke,0,0,0,1,1,1,1,1,2,2,2,3,3,3,4,4,4,3,3,3,3,3,6,5,5,6,6,7,6,8,3,3,3,9,9,9,6,7,7,6,6,5,5,4,4,4,3,3,3,3,2,2,3,3,2,2,4,6,7,8,8,7,7,7,7,10,9,9,9,9,9,9,9,8,8,8,8,11,11
50,Coryell,10,11,16,17,33,33,33,33,59,68,68,71,70,68,74,75,71,88,76,77,77,77,95,142,142,144,146,146,164,174,180,184,180,187,185,188,193,192,193,196,196,194,197,195,196,196,196,196,195,197,197,189,192,191,241,242,244,247,245,245,246,243,243,250,253,249,252,251,252,252,252,254,253,254,254,259,264,269,270
51,Cottle,0,0,0,0,0,0,0,0,0,0,0,0,0,0,0,0,0,0,0,0,1,1,2,2,2,2,2,2,3,3,3,3,3,3,2,2,1,1,1,1,1,1,1,1,1,1,1,1,1,1,1,1,0,0,0,0,0,0,0,0,0,0,0,0,0,0,0,0,0,0,0,0,0,0,0,0,0,0,0
52,Crane,1,1,1,1,1,1,1,1,0,0,0,0,0,0,0,0,0,0,0,0,0,0,0,0,0,0,0,0,0,0,0,0,0,0,0,0,0,0,0,1,1,1,1,0,1,5,5,5,20,20,19,18,18,19,19,19,18,18,17,15,16,16,4,5,9,11,11,10,10,10,18,18,24,23,23,23,24,21,20
53,Crockett,0,0,0,0,0,0,0,0,0,0,0,0,0,0,0,0,0,0,0,0,0,0,0,0,0,0,0,0,0,0,0,0,0,0,0,0,0,0,0,0,0,0,0,0,0,0,0,0,0,0,0,0,0,0,0,0,0,0,0,1,1,1,1,4,5,5,5,5,5,5,5,5,5,4,4,4,4,2,1
54,Crosby,1,1,1,1,1,1,1,1,0,0,0,0,0,0,0,0,0,0,0,0,0,0,1,1,1,1,1,1,1,1,1,0,1,0,0,0,0,0,0,0,1,1,1,1,1,1,1,1,1,1,1,1,1,2,1,1,1,0,0,0,0,0,0,0,1,1,1,0,0,0,3,5,5,5,5,5,5,6,9
55,Culberson,0,0,0,0,0,0,0,0,0,0,0,0,0,0,0,0,0,0,0,0,0,0,0,0,0,0,0,0,0,0,0,0,0,0,0,0,0,0,0,0,0,0,0,0,0,0,0,0,0,0,0,0,0,0,0,0,0,0,0,0,0,0,0,0,0,0,0,0,0,0,0,0,0,0,1,1,1,3,3
56,Dallam,1,1,1,1,1,1,1,2,2,2,3,3,3,1,1,2,1,2,6,6,6,5,7,7,7,9,9,10,8,8,8,8,8,7,8,10,10,12,14,11,13,12,9,9,9,9,11,11,10,9,7,7,7,8,6,6,10,10,10,10,7,7,7,9,12,13,13,12,12,11,11,13,19,23,24,24,33,35,46
57,Dallas,1035,1111,1067,1122,1224,1273,1310,1326,1341,1370,1365,1412,1466,1493,1542,1544,1575,1563,1522,1502,1519,1544,1606,1613,1719,1796,1854,1984,2132,2291,2452,2623,2452,2965,3121,3279,3392,3523,3598,3631,3682,3673,3694,3684,3463,3600,3592,3551,3511,3466,3455,3439,3436,3462,3485,3531,3546,3581,3781,3733,3814,3916,3987,4054,4147,4245,4343,4458,4582,4654,4730,4796,4971,5091,5206,5327,5525,5702,5867
58,Dawson,4,4,4,4,5,4,6,5,5,5,9,9,9,10,10,10,14,14,13,16,14,14,14,17,14,16,16,15,17,18,15,15,15,12,12,12,14,12,15,16,16,16,12,13,13,12,12,12,11,12,11,10,8,7,7,7,7,7,9,9,8,8,8,7,7,7,6,5,5,5,4,3,1,1,1,1,1,1,1
59,Deaf Smith,5,5,5,5,5,5,6,9,9,9,9,7,8,6,8,8,11,15,15,15,18,17,17,22,22,25,25,27,26,29,26,28,26,41,38,44,68,65,91,85,86,84,93,97,99,107,105,94,93,85,68,71,50,55,53,52,43,41,39,37,39,40,40,47,53,48,58,64,59,59,65,62,64,65,61,60,69,73,75
60,Delta,0,1,1,1,1,1,1,1,1,1,1,1,1,1,1,0,0,0,0,0,0,0,0,0,0,0,0,0,0,0,0,0,0,0,0,0,0,0,0,0,0,0,0,0,0,0,0,0,0,0,0,0,0,0,0,0,0,1,1,1,1,1,1,1,1,1,1,1,1,1,1,1,1,2,2,2,2,2,3
61,Denton,306,335,335,351,335,344,339,343,345,351,350,356,328,328,323,338,306,309,324,343,349,347,355,361,355,373,385,389,388,404,403,421,403,449,439,398,409,423,440,462,466,476,489,496,523,544,559,563,573,567,581,588,618,626,649,663,682,686,701,719,730,747,756,711,728,669,660,711,741,752,775,801,850,916,969,1021,1058,1103,1179
62,De Witt,6,6,6,6,7,7,7,8,7,7,5,8,7,7,7,7,7,7,7,7,6,5,5,5,5,3,3,3,2,2,2,2,2,1,1,3,3,3,3,3,3,3,3,2,2,2,2,2,2,1,0,0,0,0,0,0,0,0,0,1,1,1,1,6,7,8,9,11,11,11,14,14,18,17,19,19,19,20,19
63,Dickens,0,1,1,1,2,2,1,1,1,1,1,1,1,1,1,0,0,0,0,0,0,0,0,0,0,0,0,0,0,0,0,0,0,0,0,0,0,0,0,0,0,0,0,0,0,0,0,0,0,0,0,0,0,0,0,0,0,0,0,0,0,0,0,0,0,0,1,1,1,1,1,1,1,1,1,1,1,1,1
64,Dimmit,0,0,0,0,1,1,1,1,1,1,1,1,1,1,1,1,1,1,0,0,0,0,0,0,0,0,0,0,0,0,0,0,0,0,0,0,0,0,0,0,0,0,0,0,0,0,0,0,0,0,0,0,0,0,0,0,0,0,0,0,0,0,0,0,0,0,0,0,0,0,0,0,0,2,2,2,2,2,2
65,Donley,7,13,14,21,23,22,22,22,22,22,19,19,17,17,18,14,13,7,6,6,6,6,6,6,6,7,7,6,5,5,4,4,4,4,4,2,1,1,2,1,1,1,2,1,1,1,1,0,0,1,1,1,0,1,1,0,0,0,1,1,1,1,1,1,1,1,2,2,2,2,2,1,0,0,0,0,0,0,0
66,Duval,0,0,0,0,0,0,0,1,1,1,1,1,1,1,1,1,1,1,2,2,2,1,1,1,1,2,2,2,2,2,2,2,2,3,3,3,3,3,3,2,2,2,2,3,2,2,1,1,1,1,1,1,1,1,1,1,1,0,0,0,0,0,0,0,0,0,0,0,0,0,0,0,0,0,0,0,0,1,2
67,Eastland,1,1,1,1,1,1,1,1,1,1,1,1,1,1,1,1,1,1,0,0,0,0,0,0,0,0,0,0,0,0,0,0,0,0,0,0,0,1,1,2,2,2,2,2,2,2,2,2,2,2,3,2,2,1,1,1,1,2,2,2,2,2,2,2,2,2,2,2,2,1,1,0,0,0,0,0,0,0,1
68,Ector,30,29,33,38,39,39,39,37,35,36,41,36,31,26,28,29,29,34,34,32,34,36,26,19,16,16,19,15,20,18,23,20,23,21,23,22,22,24,24,32,37,34,34,39,38,37,35,43,45,48,42,42,34,36,36,32,37,34,33,41,43,43,38,54,58,63,62,73,73,65,86,91,99,97,122,122,90,108,129
69,Edwards,0,0,0,0,0,0,0,0,0,0,0,0,0,0,0,0,0,0,0,0,0,0,0,0,0,0,0,0,0,0,0,0,0,0,0,0,0,0,0,0,0,0,0,0,0,0,0,0,0,0,0,0,0,0,0,0,0,0,0,0,0,0,0,0,0,0,0,0,0,0,0,0,0,0,0,0,0,0,0
70,Ellis,29,34,43,48,54,54,52,57,58,58,58,58,58,65,70,75,69,72,70,70,76,71,76,77,76,93,92,88,88,85,87,83,87,86,88,91,88,99,104,113,112,109,114,96,96,97,88,86,79,90,85,88,85,89,88,87,85,83,88,104,106,105,104,125,140,139,143,146,145,142,145,150,166,168,163,162,162,162,293
71,El Paso,119,144,175,207,225,239,258,261,302,333,382,398,430,453,451,478,514,542,512,583,605,552,548,472,484,484,490,502,493,499,477,517,477,605,622,596,629,622,745,728,777,804,816,770,832,945,970,1015,983,948,928,989,944,1008,1065,1010,953,863,847,882,942,996,917,989,951,953,916,982,1002,1014,925,863,886,905,1045,1177,1132,1194,1222
72,Erath,6,7,8,8,10,10,10,10,9,9,9,6,6,6,5,5,4,4,2,2,2,2,2,2,2,2,2,2,2,2,4,3,4,3,2,2,2,3,3,4,4,4,4,2,1,1,1,1,1,2,2,2,2,3,3,3,3,3,3,11,12,11,11,13,13,14,16,20,20,19,20,24,26,21,20,20,20,18,43
73,Falls,0,0,0,0,0,0,0,0,0,0,0,0,0,0,0,0,0,0,0,1,2,2,3,3,3,3,3,3,5,5,5,5,5,5,5,5,4,4,4,4,4,4,4,4,4,4,4,4,4,4,4,3,3,4,4,4,6,6,7,8,8,8,8,10,10,11,10,10,13,13,13,14,16,17,17,17,18,19,19
74,Fannin,1,3,3,4,4,4,4,4,4,4,3,5,5,6,7,9,10,9,11,11,12,13,14,14,14,13,13,13,12,11,11,11,11,9,8,7,8,8,8,7,7,6,8,8,8,13,13,12,12,15,14,14,14,17,17,17,14,14,14,10,11,11,11,15,16,17,17,16,16,16,14,17,23,22,21,21,21,16,30
75,Fayette,8,8,7,8,8,9,8,8,9,10,7,7,6,8,7,8,13,8,7,7,7,7,5,5,5,5,5,5,7,7,9,11,9,15,15,16,16,17,15,18,18,17,19,19,19,18,18,18,18,18,17,13,13,13,13,13,11,13,15,15,15,15,14,13,14,18,18,16,17,17,18,25,23,24,30,32,38,43,47
76,Fisher,0,0,0,0,0,0,0,0,0,0,0,0,0,0,0,0,0,0,0,0,0,0,0,0,0,0,0,0,0,0,0,0,0,0,0,0,0,0,1,1,1,1,2,2,2,1,1,1,1,1,1,1,0,0,0,0,0,0,0,0,0,0,0,0,0,0,0,0,0,0,0,0,0,0,0,0,0,0,0
77,Floyd,0,1,1,1,1,1,1,1,2,2,2,2,2,2,2,1,2,2,2,2,2,2,1,1,1,1,1,1,2,2,2,2,2,1,1,1,1,1,1,1,1,1,1,1,1,1,1,1,1,1,3,4,7,7,7,7,6,10,10,11,11,11,11,11,10,9,5,5,5,5,6,3,4,4,4,4,5,7,7
78,Foard,0,0,0,0,0,0,0,0,0,0,0,0,0,0,0,0,0,0,0,0,0,0,0,0,0,0,0,0,0,0,0,0,0,0,0,0,0,0,0,0,0,0,0,0,0,0,0,0,0,0,0,0,0,0,0,0,0,0,0,0,0,0,0,0,0,0,0,0,0,0,0,0,0,0,0,0,0,0,0
79,Fort Bend,289,373,387,406,427,445,431,437,483,458,465,536,653,681,684,686,748,765,771,778,811,809,822,857,881,900,945,992,973,1008,1042,1079,1042,1098,1107,1124,1115,1142,1135,1166,1191,1151,1135,1108,1118,1126,1114,1127,1136,1183,1145,1151,1143,1141,1156,1176,1139,1152,1169,1202,1287,1287,1250,1244,1280,1311,1298,1296,1321,1321,1305,1355,1526,1560,1713,1751,1866,1885,1906
80,Franklin,1,1,1,1,1,0,0,0,0,0,0,0,0,0,0,0,0,0,0,0,0,0,0,0,0,1,1,1,1,2,2,2,2,2,2,2,2,3,3,3,3,4,5,5,5,6,8,9,9,9,10,10,10,11,11,11,10,10,11,10,10,9,9,12,11,13,13,14,14,13,13,14,15,14,14,16,16,16,15
81,Freestone,0,0,0,0,0,0,0,0,1,1,1,3,3,3,3,3,3,0,0,0,3,3,2,2,4,4,5,5,5,5,5,5,5,5,5,5,5,6,5,5,5,5,5,5,5,5,7,7,7,7,5,5,5,5,5,5,5,5,3,3,4,4,3,3,4,3,6,6,6,6,8,8,10,9,9,10,10,11,11
82,Frio,0,1,1,1,1,1,1,1,1,1,1,1,1,1,1,0,0,0,2,2,2,3,6,6,6,7,9,9,9,9,24,24,24,31,31,31,28,28,28,28,27,27,27,27,15,15,8,9,9,9,9,9,9,8,8,8,8,7,7,10,10,15,12,16,18,18,21,28,43,43,43,43,49,80,91,95,95,95,107
83,Gaines,1,0,0,0,0,0,1,1,1,1,1,1,1,1,1,1,1,1,1,1,0,0,0,0,0,0,0,0,1,1,1,1,1,1,1,2,2,2,3,3,3,3,3,3,3,3,3,3,3,2,3,3,3,3,3,3,2,2,2,2,3,3,3,4,3,3,3,8,8,8,7,7,7,7,6,6,6,6,6
84,Galveston,241,250,260,269,294,308,291,294,296,294,303,315,242,230,233,232,227,224,239,254,232,221,213,220,229,243,257,254,250,249,247,247,247,251,248,241,235,231,229,231,236,236,236,238,242,243,250,259,262,263,267,280,287,287,299,309,339,334,345,375,366,432,438,470,475,493,517,569,640,658,680,722,820,835,942,1084,1146,1210,1264
85,Garza,0,0,0,0,0,0,0,0,0,0,0,0,0,0,0,0,0,0,0,0,0,0,0,1,1,3,3,3,3,3,3,3,3,3,3,4,4,3,3,2,2,2,2,2,2,2,3,3,3,2,2,2,2,2,2,2,2,2,2,2,1,1,1,1,2,1,1,1,1,1,2,1,1,1,1,1,1,1,0
86,Gillespie,1,1,1,1,1,1,1,1,1,0,0,0,0,0,0,0,0,0,0,0,0,0,0,0,1,2,2,3,3,3,3,3,3,3,3,3,3,3,2,1,1,1,2,2,2,2,2,2,2,2,2,2,2,2,2,2,1,0,0,0,0,0,0,0,0,0,0,1,1,1,4,4,5,11,12,12,12,18,24
87,Glasscock,0,0,0,0,0,0,0,0,0,0,0,0,0,0,0,0,0,0,0,0,0,0,0,1,1,1,1,1,1,1,1,1,1,1,1,1,1,0,0,0,0,0,0,0,0,0,0,0,0,0,0,0,0,0,0,0,0,0,0,0,0,0,0,0,0,0,0,1,1,1,2,2,4,4,4,4,4,4,4
88,Goliad,3,3,3,4,4,4,4,4,5,4,4,4,4,3,4,4,4,3,3,4,4,4,3,3,3,3,3,3,2,2,2,2,2,1,1,1,1,1,1,1,0,0,0,0,0,0,0,0,0,0,0,0,0,0,0,0,0,0,0,0,0,0,0,0,0,0,0,0,0,0,0,0,0,0,0,0,0,0,0
89,Gonzales,1,1,2,2,2,2,2,2,1,1,1,1,1,1,1,2,2,2,5,9,9,10,14,16,17,19,23,26,27,26,26,26,26,42,48,47,47,53,55,57,59,62,61,62,64,65,58,48,43,43,49,52,57,58,62,57,59,67,66,67,69,71,71,73,66,56,49,54,48,47,47,41,43,67,75,75,75,75,88
90,Gray,9,11,12,12,13,13,13,13,12,15,15,13,13,10,13,13,17,22,25,27,27,28,32,34,45,44,44,53,52,52,50,46,50,43,43,43,41,37,39,42,42,36,35,34,32,32,31,30,29,27,25,25,16,16,15,12,12,11,12,13,14,13,12,12,13,14,18,16,16,16,12,10,11,9,9,9,9,9,8
91,Grayson,13,13,13,15,15,15,12,11,13,10,9,9,7,7,7,6,4,2,5,5,5,6,9,13,16,20,23,31,35,39,34,48,34,54,52,57,57,62,67,74,81,79,89,122,179,173,181,176,174,173,118,98,94,84,85,64,44,49,41,52,53,55,47,50,44,55,52,75,74,78,73,92,88,97,86,107,108,65,65
92,Gregg,19,21,33,34,36,36,35,41,41,42,42,40,41,43,36,35,27,28,27,31,34,32,31,34,41,46,45,45,54,62,62,69,62,64,58,69,73,72,70,91,91,91,86,73,79,75,77,76,76,64,72,72,70,57,57,56,76,84,82,80,83,81,80,93,85,83,82,75,74,74,61,60,64,65,61,62,60,53,55
93,Grimes,2,4,3,4,4,5,5,5,5,6,7,7,7,7,6,4,5,7,7,7,9,10,10,13,13,15,16,16,16,19,19,31,19,36,33,33,43,45,52,54,54,54,54,77,79,82,85,85,86,90,97,98,99,105,199,201,202,210,209,209,220,224,224,227,234,234,249,249,252,249,255,261,264,259,260,272,274,282,282
94,Guadalupe,39,42,40,41,41,41,39,38,36,37,35,32,35,36,29,27,27,26,29,28,28,27,38,36,36,40,36,36,34,32,33,35,33,32,33,34,26,27,31,31,33,33,34,33,33,36,36,33,32,30,31,32,30,31,29,29,29,27,32,31,32,32,31,31,33,34,37,40,45,44,47,54,50,141,170,182,181,274,321
95,Hale,7,7,8,7,8,8,8,8,8,8,4,4,3,3,5,4,3,6,6,6,5,10,6,7,6,7,10,10,10,9,15,14,15,14,10,11,8,8,9,6,7,6,11,11,10,13,11,12,12,4,5,5,5,5,6,6,1,3,3,3,3,2,3,3,8,7,16,16,25,22,35,45,41,49,62,66,51,85,76
96,Hall,0,0,0,0,0,0,0,0,0,0,0,0,0,0,0,0,0,0,0,0,0,0,0,0,0,0,0,0,0,0,0,0,0,0,0,0,0,0,0,0,0,0,0,1,1,1,1,2,2,2,2,2,2,2,2,2,2,1,1,1,1,0,0,0,0,0,0,0,0,0,0,0,0,0,0,0,0,0,0
97,Hamilton,1,1,1,1,2,2,2,2,3,3,5,5,5,5,4,4,4,4,3,3,3,3,3,3,1,1,1,1,1,1,4,5,4,5,4,4,3,4,4,4,4,3,3,3,3,2,2,2,2,2,2,2,1,2,2,2,2,2,3,3,3,3,3,4,4,4,4,4,4,4,8,11,11,11,10,10,11,11,11
98,Hansford,1,1,1,1,1,1,1,1,1,1,1,1,1,0,0,0,1,1,3,3,3,4,4,5,5,5,6,5,8,8,7,8,7,7,7,7,7,8,8,9,8,9,7,8,9,8,8,8,8,7,6,5,5,5,5,5,5,5,4,4,3,3,3,3,4,4,4,3,3,3,5,4,4,4,4,4,3,4,4
99,Hardeman,0,0,0,0,0,0,0,0,0,0,0,0,0,0,0,0,0,0,0,0,0,0,0,0,0,0,0,0,0,0,0,0,0,0,0,0,0,0,0,0,0,0,0,0,0,1,1,1,1,1,1,1,1,1,1,1,1,2,2,2,2,2,2,3,3,3,3,3,3,3,3,2,2,2,2,2,2,1,1
100,Hardin,27,38,38,37,41,53,53,50,53,54,55,55,51,51,61,55,57,56,53,41,41,45,45,43,43,46,41,41,40,37,34,35,34,33,33,30,26,23,23,21,20,20,14,17,15,19,26,24,24,24,24,25,26,24,23,23,22,19,23,20,10,10,10,10,12,11,11,12,12,12,13,21,19,30,35,34,34,55,63
101,Harris,1745,2017,2164,2852,3039,3166,3167,3254,3316,3366,3485,3519,3495,3589,3639,3738,3672,3692,3763,3814,3800,3744,3809,3863,3964,4065,4137,4201,4215,4299,4315,4335,4315,4619,4568,4784,4918,5017,5058,5220,5359,5589,5627,5738,5830,5886,6011,6199,6306,6295,6491,6658,6771,6888,7076,7065,7351,7576,7723,7921,8104,8553,8633,8826,8952,8984,9075,9223,9520,9534,9893,10122,10310,10401,11360,12404,12326,14048,15077
102,Harrison,9,9,11,10,10,14,14,18,31,30,36,38,39,40,50,51,51,59,59,58,73,68,56,69,76,82,99,96,97,107,112,118,112,119,107,111,114,106,92,85,69,69,62,53,58,51,49,49,51,46,51,51,53,58,57,54,53,54,45,43,40,37,33,32,27,26,32,29,28,29,26,25,19,17,19,20,20,19,21
103,Hartley,0,0,0,0,0,0,0,0,0,0,0,0,0,1,1,1,2,4,4,4,4,4,4,4,5,5,5,4,5,4,3,2,3,3,3,4,4,4,3,3,3,3,4,5,5,5,4,4,4,3,3,3,3,3,3,4,2,2,2,2,2,2,2,2,2,2,2,2,2,2,2,2,2,2,1,1,1,1,1
104,Haskell,0,0,0,0,0,0,0,0,0,0,0,0,0,0,0,0,0,0,0,0,0,0,0,0,0,0,0,0,0,0,0,0,0,0,0,0,0,0,1,1,1,1,2,2,2,2,2,2,2,2,2,2,2,2,2,2,1,1,1,1,1,1,1,1,1,1,2,2,2,2,1,1,1,1,1,1,1,1,1
105,Hays,53,55,70,69,72,72,69,63,63,74,72,70,68,65,61,90,81,68,76,76,70,76,69,68,67,69,66,57,65,65,58,77,58,84,84,59,67,70,72,72,72,64,62,80,89,98,105,109,109,106,115,129,130,144,144,129,144,154,168,168,168,168,147,186,203,224,303,402,402,401,611,758,895,1054,1157,1214,1317,1469,1593
106,Hemphill,1,1,1,1,1,1,1,1,1,1,1,0,0,0,0,0,0,0,0,0,0,0,0,0,0,0,0,0,0,0,0,0,0,0,0,0,0,0,0,0,0,0,0,0,0,0,0,0,0,0,0,0,0,0,0,0,0,0,0,0,0,0,0,0,0,0,0,0,0,0,0,1,1,1,1,1,2,2,2
107,Henderson,1,4,6,8,10,10,10,10,10,11,11,12,12,12,14,16,17,16,14,16,16,16,15,15,15,18,17,17,20,18,16,18,16,21,21,25,26,25,26,24,23,23,21,20,21,21,23,18,18,14,14,15,12,12,12,12,13,15,16,15,15,14,14,17,16,17,19,24,24,24,24,24,28,32,32,32,32,34,35
108,Hidalgo,111,110,132,136,166,165,167,167,179,173,169,170,183,179,175,182,167,170,151,149,151,145,133,134,137,137,138,132,131,130,134,143,134,161,158,153,160,161,154,162,162,176,181,183,182,179,189,189,204,182,194,215,184,192,204,210,202,213,216,261,247,268,266,298,328,336,386,441,441,512,518,643,697,753,861,819,928,1098,1297
109,Hill,5,6,6,8,8,8,7,7,6,6,7,5,5,5,6,6,11,12,12,12,9,9,10,10,10,10,11,11,12,12,9,10,9,10,10,11,10,11,11,11,11,10,11,11,11,12,11,11,11,11,10,9,9,9,9,9,9,9,10,11,12,14,14,14,14,17,18,20,20,20,22,25,28,29,30,30,31,32,32
110,Hockley,7,7,7,7,6,7,7,7,8,8,9,9,8,8,8,9,8,9,9,8,8,8,6,6,7,6,6,6,6,5,3,3,3,2,2,2,4,3,3,4,4,4,5,8,9,8,8,8,7,7,5,5,5,5,5,5,4,1,1,1,1,1,2,1,1,2,2,2,2,2,2,3,3,3,3,2,3,3,6
111,Hood,9,9,10,9,10,10,10,9,9,9,7,7,7,7,6,6,5,5,4,4,4,3,3,3,4,5,5,5,4,4,4,3,4,3,3,4,5,5,5,3,3,3,4,5,5,5,5,5,5,6,5,5,6,6,6,6,6,5,5,9,9,9,9,5,5,5,8,8,8,8,8,8,8,5,5,5,5,6,15
112,Hopkins,3,3,3,3,3,3,2,2,2,2,2,2,1,1,1,1,1,1,1,1,1,1,1,1,0,2,2,2,2,2,3,3,3,4,4,4,4,4,4,2,2,2,2,5,6,9,9,8,10,11,14,17,17,19,19,19,19,17,16,15,16,17,15,23,21,20,20,19,19,19,22,21,21,23,22,22,22,16,16
113,Houston,0,0,0,0,0,0,0,0,0,0,0,0,1,1,1,1,4,4,4,4,4,5,5,5,6,7,6,6,7,8,7,7,7,10,10,10,17,67,69,70,70,73,75,74,73,31,32,29,29,28,22,0,0,0,52,50,48,61,79,118,117,117,117,118,119,111,110,110,61,51,41,31,16,10,11,11,11,24,27
114,Howard,0,0,0,1,0,0,0,0,0,0,0,0,0,0,0,0,1,2,3,3,3,3,3,3,3,3,3,3,4,5,4,3,4,3,3,2,3,3,3,3,3,3,3,1,1,1,1,1,1,0,0,1,2,2,2,2,3,3,3,3,3,3,3,9,11,11,10,10,10,10,15,16,16,16,18,18,19,16,17
115,Hudspeth,0,0,0,0,0,0,0,0,0,0,0,0,0,0,0,0,0,0,0,0,0,0,0,0,0,0,0,0,0,0,0,0,0,0,0,0,0,0,0,0,0,0,0,0,0,0,0,0,0,1,1,1,1,2,2,2,2,2,3,4,4,4,4,3,10,10,11,11,11,11,11,11,12,11,11,11,11,11,5
116,Hunt,0,13,14,14,15,17,16,17,17,20,17,17,23,29,32,18,16,19,20,21,24,27,27,19,22,23,15,14,17,19,19,21,19,22,22,12,12,12,20,20,20,20,22,21,23,23,25,24,24,25,25,25,28,31,37,37,38,39,44,54,55,62,62,62,73,88,103,115,115,115,115,147,153,157,176,188,188,188,209
117,Hutchinson,2,2,2,2,2,2,3,3,3,6,6,5,5,6,6,6,7,8,9,9,11,11,11,9,9,8,10,10,13,13,11,11,11,12,10,11,14,13,13,13,12,14,14,15,14,11,11,12,11,10,8,12,14,13,13,11,15,14,16,18,17,16,16,16,16,13,11,12,11,11,6,8,7,8,8,7,10,12,13
118,Irion,0,0,0,0,0,0,0,0,0,0,0,0,0,0,0,0,0,0,0,0,0,0,0,0,0,0,0,0,0,0,0,0,0,0,0,0,0,0,0,0,0,0,0,0,0,0,0,0,0,0,0,0,0,0,0,0,1,1,1,1,1,1,1,1,1,1,1,1,1,1,0,0,0,0,0,0,0,0,0
119,Jack,0,0,1,1,1,1,1,2,3,3,3,3,3,3,4,4,3,3,3,3,3,2,2,2,2,2,2,2,1,1,1,1,1,1,1,1,1,1,1,0,0,0,0,0,0,0,0,0,0,0,0,0,0,0,0,0,0,0,0,0,0,0,0,0,0,0,0,0,0,0,0,0,0,0,0,0,0,2,3
120,Jackson,4,4,3,3,3,3,3,3,3,2,2,2,2,2,3,3,3,3,3,3,3,3,3,3,5,7,11,10,9,9,9,9,9,8,8,9,9,1,1,1,1,1,1,1,1,1,1,1,1,1,1,1,1,1,1,1,1,1,1,1,1,1,1,1,1,1,1,1,1,1,1,1,1,1,1,1,1,1,1
121,Jasper,2,2,2,3,7,7,7,7,6,4,4,4,4,5,8,8,8,8,4,6,6,6,7,10,10,12,12,11,9,9,9,10,9,8,8,8,7,5,9,7,7,7,10,10,10,10,11,11,11,11,11,10,7,8,8,7,5,5,5,4,4,4,4,5,6,6,6,5,5,5,4,5,5,5,6,7,7,9,10
122,Jeff Davis,0,0,0,0,0,0,0,0,0,0,0,0,0,0,0,0,0,0,0,0,0,0,0,0,0,0,0,0,0,0,0,0,0,0,0,0,0,0,0,0,0,0,0,0,0,0,0,0,0,0,0,0,0,0,0,0,0,0,0,0,0,0,0,0,0,0,0,0,0,0,0,0,0,0,0,0,0,0,0
123,Jefferson,74,72,76,83,85,82,104,114,112,112,118,135,119,124,127,137,145,147,149,171,154,165,169,171,162,166,165,160,153,149,134,142,134,138,140,126,131,124,151,148,146,141,147,151,156,153,146,145,144,145,136,145,125,124,133,137,137,147,146,155,166,163,158,171,703,693,722,725,716,719,739,763,781,782,800,797,796,832,441
124,Jim Hogg,0,0,0,0,0,0,0,0,0,0,0,0,0,0,0,0,1,1,1,1,1,3,3,3,3,3,3,3,3,3,2,2,2,2,2,1,1,1,1,2,2,2,2,2,2,2,2,2,1,1,1,1,1,0,0,0,0,0,0,0,0,0,0,0,0,0,0,0,0,0,0,0,2,2,4,5,5,5,5
125,Jim Wells,2,2,2,2,2,2,2,2,2,1,1,0,0,0,0,0,0,0,1,1,1,1,1,1,1,2,3,3,3,3,3,3,3,4,4,4,4,4,4,5,5,5,5,4,5,5,4,3,3,3,3,3,3,2,2,2,2,5,4,4,5,5,5,5,7,6,8,8,9,9,9,8,10,10,10,15,22,34,36
126,Johnson,21,22,22,21,21,21,21,24,24,23,22,22,22,24,25,27,30,32,34,34,34,34,35,35,35,46,45,44,45,50,50,49,50,46,49,51,50,56,58,62,61,60,70,58,58,60,59,58,55,58,58,59,64,64,63,63,53,46,46,54,54,53,52,65,68,68,72,71,70,69,67,79,82,78,75,74,73,70,113
127,Jones,0,1,1,2,2,2,2,2,2,3,3,3,3,3,3,2,3,5,11,11,11,11,35,35,35,60,60,76,76,82,81,81,81,81,84,85,71,80,80,62,62,49,52,49,66,65,61,61,58,23,18,232,263,309,304,304,507,531,516,513,513,512,512,538,537,356,330,291,290,288,123,83,83,78,117,117,114,68,68
128,Karnes,2,2,1,1,1,0,0,1,1,1,1,1,1,1,1,1,1,1,1,1,1,0,0,0,0,0,0,0,0,0,0,0,0,0,0,0,1,1,1,1,1,1,2,1,1,1,1,1,1,1,0,0,0,1,1,1,0,0,0,0,0,0,0,0,0,0,0,0,0,0,0,3,3,7,10,10,10,10,11
129,Kaufman,12,14,17,22,24,24,26,30,30,29,31,34,34,37,37,38,43,43,50,50,51,49,56,58,54,52,52,53,55,57,57,59,57,55,56,61,60,63,68,80,80,77,80,75,79,83,78,78,73,83,77,78,87,89,88,87,86,80,84,96,104,103,102,94,125,129,126,125,124,123,127,127,125,120,112,110,108,116,205
130,Kendall,9,7,7,7,5,5,5,6,8,8,8,7,6,7,7,7,8,7,8,7,7,6,4,3,3,3,3,3,4,4,4,4,4,4,4,5,5,5,5,6,5,5,7,8,7,7,6,6,6,5,9,9,9,9,9,9,8,9,9,10,10,10,10,10,9,9,9,8,9,9,8,7,7,14,13,13,13,16,23
131,Kenedy,0,0,0,0,0,0,0,0,0,0,0,0,0,0,0,0,0,0,0,0,0,0,0,0,0,0,0,0,0,0,0,0,0,0,0,0,0,0,0,0,0,0,0,0,0,0,0,0,0,0,0,0,0,0,0,0,0,0,0,0,0,0,0,0,0,0,0,0,0,0,0,0,0,0,0,0,0,0,0
132,Kent,0,0,0,0,0,0,0,0,0,0,0,0,0,0,0,0,0,0,0,0,0,0,0,0,0,0,0,0,0,0,0,0,0,0,0,0,0,0,0,0,0,0,0,0,0,0,0,0,0,0,0,0,0,0,0,0,0,0,0,0,0,0,0,0,0,0,0,0,0,0,0,0,0,0,0,0,0,0,0
133,Kerr,2,2,2,2,2,2,2,2,2,3,2,2,2,2,2,2,3,3,3,4,3,3,3,2,2,2,2,2,1,2,2,3,2,4,5,5,5,6,6,6,5,5,5,5,5,6,5,8,8,8,9,8,9,9,10,10,11,10,10,8,8,5,5,5,4,4,3,3,2,2,1,1,1,14,15,15,15,24,31
134,Kimble,0,0,0,0,0,0,0,0,0,0,0,0,0,0,0,0,0,0,0,0,0,0,0,0,0,0,0,0,0,0,0,1,0,1,1,1,1,1,1,1,1,1,1,1,1,0,0,0,0,0,0,0,0,0,0,0,0,0,0,0,0,0,0,0,0,0,0,0,0,0,0,0,0,0,0,0,0,0,0
135,King,0,0,0,0,0,0,0,0,0,0,0,0,0,0,0,0,0,0,0,0,0,0,0,0,0,0,0,0,0,0,0,0,0,0,0,0,0,0,0,0,0,0,0,0,0,0,0,0,0,0,0,0,0,0,0,0,0,0,0,0,0,0,0,0,0,0,0,0,0,0,0,0,0,0,0,0,0,0,0
136,Kinney,0,0,0,0,0,0,0,0,0,0,0,0,0,0,0,0,0,0,0,0,0,0,0,0,0,0,0,0,0,0,0,0,0,0,0,0,0,0,0,0,0,0,0,0,0,0,0,0,0,0,0,0,0,1,1,1,1,1,1,1,1,1,1,1,1,1,1,0,0,0,0,0,0,0,1,1,1,2,1
137,Kleberg,2,2,2,2,2,1,1,0,1,1,3,2,3,3,3,4,4,4,5,5,6,7,5,5,4,6,5,5,5,4,4,4,4,4,3,3,4,4,6,8,7,7,7,5,5,6,6,5,5,6,6,6,4,3,3,3,4,4,4,4,4,4,4,5,5,5,5,5,5,5,4,4,7,7,8,10,12,13,13
138,Knox,1,1,1,1,1,1,1,1,1,1,1,1,1,1,0,0,0,0,0,0,0,0,0,0,0,0,0,0,0,0,0,0,0,0,0,0,0,0,0,0,0,0,0,0,0,0,0,0,0,0,0,0,0,0,0,0,0,0,0,0,0,0,0,0,0,0,0,0,0,0,0,0,0,0,0,0,0,0,0
139,Lamar,5,5,7,7,6,6,6,6,5,5,5,3,3,2,2,3,1,2,1,1,1,44,45,45,55,61,61,61,63,64,69,69,69,77,77,50,58,59,57,52,52,52,50,55,55,54,56,54,56,50,43,45,42,4,38,38,36,36,34,36,35,30,28,30,32,30,32,30,27,27,33,35,34,50,49,55,54,75,76
140,Lamb,1,1,1,1,0,0,0,1,1,1,1,1,1,1,1,1,1,1,1,1,2,1,1,1,1,2,2,2,2,2,3,3,3,5,4,5,5,7,7,7,7,7,7,4,4,4,4,4,4,4,4,4,4,3,4,4,4,4,4,4,4,4,4,4,4,4,4,4,4,4,4,4,4,4,4,4,4,4,4
141,Lampasas,2,2,2,3,2,2,2,2,3,2,1,1,1,0,0,0,0,0,0,0,0,1,1,1,1,2,2,2,3,3,4,4,4,6,6,5,5,5,5,4,4,4,7,7,4,4,4,4,4,4,4,3,3,1,3,3,2,2,2,2,2,2,2,2,2,2,2,2,2,2,4,6,6,8,9,10,11,12,12
142,La Salle,0,0,0,0,0,0,0,0,0,1,1,1,1,1,1,1,1,1,1,1,1,1,1,0,0,0,0,0,0,0,0,0,0,1,1,1,2,3,3,3,3,3,3,3,3,3,2,2,2,2,1,1,1,33,1,1,1,1,1,1,1,1,1,1,0,0,0,0,0,0,0,1,1,3,3,3,3,3,4
143,Lavaca,1,2,3,3,3,3,3,3,3,3,3,2,2,2,2,2,2,2,1,1,1,1,1,2,2,2,2,2,2,1,1,1,1,1,1,1,2,1,1,2,2,2,2,2,2,2,2,3,3,3,4,4,4,5,5,4,5,6,9,10,11,11,11,11,10,11,11,11,11,11,10,9,7,27,51,68,68,69,81
144,Lee,2,2,2,2,2,2,2,2,2,1,0,0,0,0,0,0,0,0,0,0,0,0,0,0,0,0,0,0,0,0,0,2,0,3,3,4,4,4,4,4,4,4,4,3,4,4,4,5,5,5,6,15,15,19,17,17,17,18,18,18,17,18,18,16,17,20,19,19,19,19,20,22,31,30,31,32,36,36,35
145,Leon,2,2,2,3,3,3,2,2,2,2,3,3,3,3,3,3,4,3,3,3,3,3,3,3,4,4,4,4,5,5,4,6,4,6,6,6,6,5,5,5,5,6,6,6,6,6,6,6,6,6,6,6,6,6,6,6,6,6,6,6,6,6,6,6,6,6,6,6,6,6,6,6,6,6,6,6,6,6,6
146,Liberty,12,14,14,14,15,17,17,18,21,22,21,24,27,27,23,25,24,24,24,23,23,23,22,22,23,21,19,18,18,15,17,17,17,30,32,35,35,33,32,33,31,32,31,33,34,33,22,19,18,14,13,14,23,23,26,26,26,24,23,27,27,29,29,34,33,37,35,33,31,36,46,63,70,73,81,84,87,93,103
147,Limestone,4,4,5,7,9,9,8,8,8,8,8,8,8,8,6,6,4,4,4,4,5,6,5,5,5,6,6,6,6,6,7,7,7,9,8,8,7,6,6,6,6,6,8,8,9,10,13,14,14,14,13,12,13,13,13,13,15,16,15,15,17,17,17,18,18,20,19,21,22,22,22,23,22,22,22,22,23,23,23
148,Lipscomb,0,0,0,0,0,0,0,0,0,0,0,0,0,0,0,0,0,0,0,0,0,1,2,2,2,2,2,2,2,2,2,2,2,2,2,1,0,0,0,0,0,0,0,0,0,0,0,0,0,0,0,0,0,0,0,0,0,1,2,3,3,3,3,5,5,5,5,5,5,5,7,6,5,5,5,5,5,3,3
149,Live Oak,3,3,3,3,3,3,3,3,2,1,1,1,1,1,1,3,3,3,3,3,3,3,3,3,3,3,2,2,2,0,0,0,0,0,0,0,0,0,1,1,1,2,2,2,4,4,4,4,4,4,4,4,3,3,3,2,2,2,1,1,1,1,1,1,1,1,1,1,1,1,1,1,1,0,0,0,6,6,6
150,Llano,3,2,1,1,1,1,1,1,1,1,1,1,1,1,1,1,0,0,0,0,0,0,0,0,0,0,0,0,0,0,0,0,0,0,0,0,0,0,0,0,0,0,0,0,0,0,0,0,0,0,0,0,0,0,0,0,0,0,0,0,0,0,0,0,0,1,1,1,1,1,2,2,2,1,1,1,4,4,4
151,Loving,0,0,0,0,0,0,0,0,0,0,0,0,0,0,0,0,0,0,0,0,0,0,0,0,0,0,0,0,0,0,0,0,0,0,0,0,0,0,0,0,0,0,0,0,0,0,0,0,0,0,0,0,0,0,0,0,0,0,0,0,0,0,0,0,0,0,0,0,0,0,0,0,0,0,0,0,0,0,0
152,Lubbock,165,175,192,207,211,223,250,234,227,258,282,272,284,274,275,277,282,275,288,291,287,263,250,249,251,259,264,254,243,238,234,226,234,232,229,220,220,202,191,193,196,178,173,165,166,161,167,173,175,165,163,159,160,167,170,163,163,162,160,165,179,186,187,190,187,190,199,221,255,249,277,322,388,477,549,629,649,685,794
153,Lynn,3,3,3,5,4,4,3,3,3,3,3,3,3,3,3,3,2,0,0,0,0,0,0,0,0,0,0,0,0,0,0,0,0,0,0,0,0,0,0,0,0,0,0,0,0,0,0,0,0,0,1,1,2,2,2,2,2,2,3,3,3,3,3,3,4,8,7,12,12,12,14,14,14,14,14,14,14,16,14
154,McCulloch,0,0,1,2,3,3,3,3,3,3,3,3,3,3,3,3,2,1,1,1,1,1,1,1,1,1,1,1,1,1,1,1,1,1,0,0,0,0,0,1,1,1,1,0,0,0,0,0,0,0,0,0,0,0,0,0,0,0,0,0,0,0,0,0,0,0,0,0,0,0,1,1,1,1,2,2,2,3,4
155,McLennan,39,43,39,38,39,38,40,38,37,32,34,33,14,14,12,12,12,10,9,9,10,13,11,11,11,10,9,9,6,7,5,7,5,5,4,4,4,3,3,4,4,4,4,4,8,12,12,11,11,10,13,14,15,10,10,8,8,6,8,7,9,11,9,12,16,15,22,25,30,34,44,60,83,101,112,153,204,193,242
156,McMullen,0,0,0,0,0,0,0,0,0,0,0,0,0,0,0,0,0,0,0,0,0,0,0,0,0,0,0,0,0,0,0,0,0,0,0,0,0,0,0,0,0,0,0,0,0,0,0,0,0,0,0,0,0,0,0,0,0,0,0,0,0,0,0,0,0,0,0,0,0,0,0,0,0,0,0,0,0,0,0
157,Madison,0,0,0,0,0,0,0,0,1,1,1,2,2,2,2,2,2,2,2,2,2,2,1,0,0,0,0,0,0,0,0,1,0,1,2,1,0,2,4,6,6,6,6,6,6,6,6,6,6,6,6,6,6,6,6,6,2,2,2,2,2,2,2,2,2,2,2,2,2,2,2,2,2,2,2,2,2,2,2
158,Marion,0,0,0,0,0,0,0,0,0,3,3,3,3,3,6,6,6,6,6,7,9,9,9,11,12,12,13,13,10,10,10,11,10,9,8,8,8,5,4,4,3,2,2,2,2,2,1,2,2,2,2,2,1,1,1,0,0,1,1,1,1,1,1,2,2,2,3,3,3,5,5,4,4,4,4,4,4,3,5
159,Martin,2,2,1,1,1,1,1,1,1,1,1,1,1,0,0,0,0,0,0,0,0,0,0,0,0,0,0,0,0,0,0,0,0,0,0,0,0,0,0,0,0,0,0,0,0,0,0,0,0,0,0,0,0,0,0,0,0,0,0,0,0,0,0,0,0,0,0,0,0,1,1,1,1,2,3,3,4,4,5
160,Mason,1,1,1,1,1,1,1,1,1,1,1,0,0,0,0,0,0,0,0,0,4,4,14,14,20,23,23,23,25,26,27,27,27,27,24,24,16,16,11,12,12,12,10,9,8,8,8,8,8,8,8,8,8,6,4,4,3,2,2,2,2,2,2,2,2,3,3,2,2,2,2,1,1,1,1,1,1,1,1
161,Matagorda,32,31,29,29,33,34,34,36,28,25,23,23,23,21,26,24,26,27,24,20,18,19,18,17,17,18,15,14,11,11,10,8,10,8,8,6,5,3,4,2,2,2,1,1,1,1,0,0,0,0,2,4,5,4,4,4,4,5,6,6,7,7,7,9,8,7,11,12,14,15,19,27,28,36,36,40,41,47,60
162,Maverick,5,6,6,7,8,8,8,9,9,8,9,9,9,8,11,9,8,8,9,9,9,8,8,8,14,14,14,14,13,13,14,14,14,12,12,27,26,37,36,36,53,53,66,69,70,70,77,77,77,77,77,73,82,89,89,81,85,81,90,49,49,49,49,49,58,65,55,58,58,56,51,90,81,87,89,89,89,89,117
163,Medina,5,6,7,7,9,10,10,10,10,11,11,11,10,10,8,9,9,8,8,7,7,7,7,7,7,7,7,7,7,5,6,7,6,14,15,21,27,28,29,30,31,39,40,7,7,7,7,7,7,7,7,7,7,7,7,7,7,7,7,7,7,7,7,7,7,7,7,7,7,7,7,7,7,7,7,7,7,7,7
164,Menard,0,0,0,0,0,0,0,0,0,0,0,0,0,0,0,0,0,0,0,0,0,0,0,0,0,0,0,0,0,0,0,0,0,0,0,0,0,0,0,0,0,0,0,0,0,0,0,0,0,0,0,0,0,0,0,0,0,0,0,0,0,0,0,0,0,0,0,0,0,0,0,0,0,0,0,0,1,2,3
165,Midland,25,27,27,26,24,23,20,20,21,23,25,22,19,20,36,36,38,39,40,41,43,44,44,45,48,51,51,51,52,53,55,55,55,55,55,60,61,64,65,69,69,65,67,67,67,67,68,68,68,68,56,57,56,57,57,53,56,51,55,60,69,69,69,79,81,81,95,102,102,102,123,123,165,161,196,196,195,290,321
166,Milam,3,5,5,5,5,5,6,6,6,6,7,7,9,10,10,6,4,3,3,3,2,3,3,5,5,5,5,6,5,5,5,5,5,7,7,7,3,3,4,4,5,4,5,6,7,7,5,4,3,3,3,3,1,1,1,1,1,1,0,3,6,5,5,5,5,5,5,7,9,8,6,10,11,15,16,16,12,15,15
167,Mills,0,0,0,0,0,0,0,0,0,0,0,0,0,0,0,0,0,0,0,0,0,0,0,0,0,0,0,0,0,0,0,0,0,0,0,1,0,0,0,0,0,0,1,1,1,1,1,1,1,0,1,1,0,0,0,0,0,0,0,0,0,0,0,0,0,0,0,0,0,0,0,0,0,0,0,0,0,0,0
168,Mitchell,1,1,1,1,1,1,1,1,1,1,1,1,1,1,0,0,0,0,0,0,0,0,0,0,0,0,0,0,0,0,0,0,0,0,0,0,0,0,0,0,0,0,0,0,0,0,0,0,0,0,0,0,0,0,0,0,0,0,0,0,0,0,0,0,0,1,1,1,1,1,1,1,1,1,1,1,1,2,2
169,Montague,1,1,1,0,1,1,1,4,4,4,4,4,4,4,4,4,4,4,3,3,3,1,1,1,1,1,1,2,3,4,4,4,4,4,4,4,4,4,4,7,7,6,5,6,6,6,6,6,6,6,6,6,6,6,6,6,6,6,6,6,6,6,6,6,6,6,6,6,6,6,6,6,6,6,6,6,6,6,6
170,Montgomery,143,175,181,194,203,195,193,195,228,239,258,261,270,267,263,283,299,319,346,356,356,374,404,418,438,462,467,457,424,423,408,420,408,429,428,450,464,469,478,503,503,502,508,499,472,466,471,471,471,441,450,456,446,460,460,444,453,435,431,432,442,442,417,414,386,396,418,479,479,457,479,515,508,534,604,604,527,588,632
171,Moore,7,9,15,21,21,22,21,35,51,54,70,94,101,114,131,153,158,167,172,231,251,262,250,277,285,279,308,297,317,313,311,332,311,318,299,289,274,261,251,239,216,229,206,194,186,87,82,52,52,43,58,82,110,106,182,167,306,302,300,363,354,350,348,353,349,307,282,281,218,213,92,90,89,82,80,79,81,88,87
172,Morris,0,0,1,2,2,2,2,2,2,2,3,3,4,4,4,4,3,3,2,2,2,2,2,2,2,5,5,5,5,5,5,5,5,5,5,4,4,5,5,4,3,3,5,6,7,9,9,9,9,13,14,18,19,16,16,16,15,12,13,12,12,12,12,8,8,5,4,7,8,8,8,9,7,7,9,10,9,10,12
173,Motley,0,0,0,0,0,0,1,1,1,1,1,1,1,1,1,1,1,1,1,1,0,0,0,0,0,0,0,0,0,0,0,0,0,0,0,0,0,0,0,0,0,0,0,0,0,0,0,0,0,0,0,0,0,0,0,0,0,0,0,0,0,0,0,0,0,0,0,0,0,0,0,0,0,0,0,0,0,0,0
174,Nacogdoches,19,23,22,26,27,43,44,52,55,59,60,72,72,72,75,74,86,87,87,83,82,92,88,99,97,99,98,98,106,106,109,105,109,97,102,99,101,89,80,73,77,76,66,64,54,65,64,64,58,49,50,53,57,66,62,59,59,59,62,56,54,55,52,53,60,53,52,44,43,42,43,42,46,48,49,48,49,48,44
175,Navarro,4,4,8,8,9,9,8,12,11,13,14,14,9,9,7,8,9,8,10,10,10,10,12,11,12,12,12,7,7,9,10,12,10,9,9,9,8,8,9,9,9,8,8,10,10,12,14,14,10,11,15,15,12,14,15,10,11,6,9,11,13,13,9,13,12,13,23,26,26,26,32,31,27,40,44,44,27,55,55
176,Newton,1,1,1,1,2,2,2,2,1,1,1,1,1,1,1,1,1,1,0,0,0,0,0,0,0,0,0,0,0,2,2,2,2,2,2,2,2,2,2,2,2,2,2,0,0,0,0,0,0,0,0,0,0,1,1,1,1,1,1,1,2,2,2,2,2,2,2,1,1,1,1,1,1,1,0,2,5,5,6
177,Nolan,0,0,0,0,0,0,0,0,0,0,0,0,0,0,0,0,0,1,1,1,1,1,1,1,1,2,2,2,2,2,2,1,2,1,1,1,1,0,0,0,0,0,0,0,0,0,0,0,0,0,0,0,0,0,0,2,0,1,6,6,7,7,7,7,1,1,0,1,1,1,2,2,5,5,7,7,10,10,13
178,Nueces,58,57,58,58,56,59,58,54,56,51,54,51,76,76,73,70,62,58,58,59,52,57,53,42,39,42,43,38,44,38,41,47,41,48,51,64,91,103,118,141,143,133,125,118,126,129,129,131,131,125,123,117,117,117,123,114,107,105,107,104,107,102,94,97,95,102,113,128,128,128,143,174,197,249,304,353,389,493,564
179,Ochiltree,0,0,0,0,0,0,0,0,0,0,0,0,0,0,0,0,0,1,4,4,4,23,24,24,18,18,18,18,24,25,27,27,27,25,25,10,20,19,24,23,24,25,19,18,16,18,18,19,19,18,9,15,16,13,12,11,13,14,15,13,12,11,11,12,12,8,8,8,6,6,6,5,4,4,4,4,4,3,3
180,Oldham,2,2,2,2,2,1,1,1,1,1,1,1,1,1,0,0,0,0,0,0,0,0,0,0,0,0,0,0,0,0,0,0,0,0,0,0,0,0,1,1,0,0,0,0,0,0,0,0,0,0,0,0,0,0,0,0,1,1,1,1,1,1,1,1,1,1,1,1,1,1,0,0,0,0,0,0,0,0,0
181,Orange,26,28,29,29,32,43,40,41,40,41,42,38,31,31,37,36,35,39,38,29,29,28,32,31,31,31,29,29,27,27,27,24,27,26,26,26,20,18,20,20,20,20,15,16,14,19,16,16,16,15,16,16,15,15,14,14,14,12,15,11,8,7,7,7,8,8,10,11,11,11,11,21,27,36,45,44,44,55,62
182,Palo Pinto,2,3,4,4,3,3,3,4,4,4,4,4,4,5,4,4,3,3,4,4,4,3,3,2,2,3,3,2,2,2,2,2,2,2,1,1,2,2,2,1,1,0,0,1,1,1,1,1,1,2,2,2,4,4,4,4,4,3,3,3,3,3,3,2,2,3,2,2,2,2,2,2,2,2,2,2,2,2,5
183,Panola,3,3,6,9,9,9,12,19,21,29,32,34,34,35,39,46,55,62,62,68,67,64,62,79,98,101,101,102,99,94,87,79,87,73,73,76,76,62,41,36,39,35,34,31,29,30,30,33,30,24,25,19,22,24,23,19,15,16,48,48,47,44,43,43,42,43,44,41,43,43,10,10,0,0,0,0,0,0,0
184,Parker,5,5,7,9,10,10,11,12,13,14,16,16,16,16,16,16,15,14,13,13,12,13,16,16,13,17,17,21,22,23,24,24,24,25,24,23,20,29,30,31,31,27,32,27,27,27,26,26,26,26,25,19,23,24,23,23,22,22,20,25,30,30,30,41,41,40,42,42,42,40,41,42,44,43,38,37,37,41,80
185,Parmer,0,0,0,0,0,0,0,0,0,0,0,0,1,1,2,3,3,4,4,4,4,6,6,6,8,8,7,12,11,12,15,14,15,16,16,16,17,18,17,19,20,24,26,28,25,35,35,37,37,36,36,34,36,38,37,31,29,36,38,46,46,44,43,51,51,54,63,69,68,68,72,72,77,78,77,76,77,75,75
186,Pecos,1,1,1,1,1,1,1,1,5,5,5,5,5,4,4,4,5,5,7,5,8,8,5,5,7,6,6,6,9,10,9,9,9,10,8,12,13,13,11,12,11,11,12,10,10,10,10,10,10,10,10,10,10,10,10,10,10,10,10,10,10,10,10,10,10,10,10,10,10,10,10,10,10,10,10,10,10,10,10
187,Polk,8,8,8,8,9,8,8,8,8,11,8,8,8,8,9,9,11,12,11,11,11,9,10,8,9,8,8,9,19,19,19,24,19,24,19,24,24,30,31,31,31,28,31,31,33,33,33,33,33,33,33,34,35,36,36,36,40,40,40,40,41,41,41,29,30,30,33,33,33,30,36,37,38,38,40,40,33,43,46
188,Potter,38,44,55,56,62,65,64,73,69,77,82,89,108,115,126,140,165,172,230,276,283,341,375,431,497,608,684,729,787,787,834,887,834,951,934,949,1088,1145,1147,1731,1780,1765,1766,1811,1752,1731,1745,1754,1754,1754,1706,1661,1613,1636,1638,1638,1628,1603,1655,1535,1763,1765,1752,1739,1628,1627,1627,1629,1629,1556,1481,1352,1260,1220,1223,1223,1175,1162,1138
189,Presidio,0,0,0,0,0,0,0,0,0,0,0,0,0,0,0,0,0,0,0,0,0,0,0,0,0,0,0,0,0,0,0,0,0,0,0,0,0,0,0,0,0,0,0,0,0,0,0,0,1,1,1,1,1,1,1,1,1,1,1,1,2,2,1,1,1,1,1,1,1,1,1,10,10,10,9,9,11,12,12
190,Rains,0,0,0,1,1,1,1,1,2,2,2,2,2,2,2,2,2,1,1,1,1,1,0,0,0,0,0,0,0,0,0,0,0,0,0,0,0,0,0,0,0,0,0,0,1,1,1,1,1,1,1,1,1,1,1,1,1,2,1,1,1,1,1,1,1,1,1,2,2,2,2,2,2,3,4,4,4,4,4
191,Randall,35,39,50,54,56,60,57,66,66,64,74,75,78,83,82,84,90,88,100,115,123,136,145,150,167,189,201,207,224,219,235,245,235,250,246,252,279,304,334,447,456,454,456,461,456,449,459,462,462,462,453,431,417,427,430,415,410,400,402,378,372,373,371,379,355,359,358,359,361,327,306,257,234,229,233,233,224,225,232
192,Reagan,0,0,0,0,0,0,0,0,0,0,0,0,0,0,0,0,0,0,0,0,0,0,0,0,0,0,0,0,0,0,0,0,0,0,0,0,0,0,0,0,0,0,0,0,0,0,0,0,0,0,1,1,2,2,2,2,2,2,2,2,2,2,2,2,1,1,0,0,0,0,0,0,0,0,0,0,0,0,0
193,Real,0,0,0,0,0,0,0,0,0,0,0,0,0,0,0,0,0,0,0,0,0,0,0,0,0,0,0,0,0,0,0,0,0,0,0,0,0,0,0,0,0,0,0,0,0,0,0,0,0,0,0,0,0,0,0,0,0,0,0,1,1,1,1,1,1,1,1,1,1,1,1,1,1,0,0,0,0,0,0
194,Red River,0,0,0,0,0,0,0,0,0,1,1,1,1,1,1,1,1,1,1,1,1,1,1,0,0,0,0,0,0,0,1,2,1,8,8,26,27,32,34,34,34,34,35,39,39,39,39,39,39,39,39,39,39,39,39,39,39,39,39,39,39,39,39,39,39,39,39,39,39,39,39,39,39,39,39,39,39,39,39
195,Reeves,0,0,0,0,0,0,0,0,0,0,0,0,0,0,0,0,0,0,0,0,0,0,0,0,0,0,0,0,0,0,0,1,0,1,1,1,1,1,3,3,3,3,3,3,5,4,4,4,6,6,6,6,0,0,0,0,0,0,0,0,0,0,0,0,0,0,0,0,0,0,0,0,0,0,0,0,0,0,0
196,Refugio,0,0,0,0,0,0,0,0,0,0,0,0,0,0,0,0,0,0,0,0,0,0,0,0,0,0,0,1,1,1,1,1,1,1,1,2,3,3,3,3,3,2,2,2,2,2,2,2,2,1,1,1,1,1,1,1,1,1,1,0,0,0,0,2,2,2,2,2,2,2,3,3,3,3,3,3,3,1,4
197,Roberts,0,0,0,0,0,0,0,0,0,1,1,2,2,2,2,2,2,2,2,2,2,2,2,1,1,0,0,0,0,0,0,0,0,0,0,0,0,0,0,0,0,0,0,0,0,0,0,0,0,0,0,0,0,0,0,0,0,0,0,0,0,0,0,0,0,0,0,0,0,0,0,0,0,0,0,0,1,1,1
198,Robertson,1,1,1,1,0,0,0,0,0,0,0,0,0,0,0,0,1,1,1,1,0,0,2,1,2,2,2,2,2,2,3,3,3,3,3,3,4,4,4,4,4,4,5,5,5,5,5,5,4,4,4,3,4,4,4,5,7,6,5,8,7,9,9,10,10,11,10,10,10,10,10,10,15,13,14,18,21,24,23
199,Rockwall,11,14,12,14,18,17,19,20,23,22,24,25,26,28,31,37,37,36,35,35,37,37,49,49,48,54,53,54,54,51,53,55,53,52,52,60,49,56,56,72,70,68,67,58,57,57,56,55,52,47,44,41,44,39,36,36,37,30,35,37,39,38,38,41,46,49,48,45,44,43,48,50,52,53,51,49,49,47,88
200,Runnels,0,0,0,0,0,0,0,0,0,0,0,0,0,0,0,0,0,0,0,0,0,1,1,1,1,2,2,2,2,2,2,2,2,2,2,1,1,1,1,1,1,1,1,0,0,0,0,0,0,0,0,0,1,1,1,1,0,0,0,1,1,1,1,1,0,0,0,0,0,0,0,0,0,0,0,0,0,0,3
201,Rusk,11,13,12,12,12,14,13,14,13,19,18,17,16,17,16,16,16,18,18,18,19,19,18,14,15,14,13,13,15,14,15,14,15,11,11,11,11,9,8,10,10,8,6,4,4,4,4,4,4,5,5,6,6,11,14,13,15,16,18,19,22,22,21,24,22,24,24,20,18,76,179,179,185,188,191,190,190,191,193
202,Sabine,0,0,0,0,0,0,0,0,0,1,1,1,1,1,1,1,1,1,1,1,1,1,1,0,0,0,0,0,0,0,1,1,1,1,1,2,2,2,2,2,2,2,3,3,2,2,3,3,3,2,2,3,3,11,11,12,12,11,11,11,10,10,10,10,10,9,9,2,2,1,1,2,2,2,5,6,6,8,8
203,San Augustine,3,3,6,8,8,8,8,8,7,9,11,11,11,11,11,11,9,9,9,9,9,9,9,7,8,8,7,11,11,13,13,13,13,13,9,10,10,10,10,10,10,7,11,11,13,14,14,14,14,14,15,15,21,22,22,22,28,25,23,23,24,24,24,20,24,24,30,30,30,27,33,45,56,56,57,57,47,48,59
204,San Jacinto,1,3,3,3,5,4,6,7,6,9,9,7,7,7,7,6,6,6,4,5,3,3,3,1,1,3,3,3,3,3,3,3,3,3,3,3,3,4,3,2,3,2,2,2,3,4,4,4,4,4,4,3,3,3,3,3,3,2,4,4,4,4,4,6,6,7,7,7,7,6,5,8,7,7,7,7,8,6,7
205,San Patricio,2,7,6,6,6,6,6,8,6,6,6,5,4,6,6,3,5,5,6,6,6,6,5,5,5,5,5,6,6,6,6,7,6,9,11,10,11,9,11,8,9,9,9,7,9,8,8,8,8,8,9,6,7,7,7,7,10,10,6,8,8,9,9,11,11,11,11,11,11,5,12,11,22,26,26,26,20,31,36
206,San Saba,0,0,0,0,0,0,0,0,0,0,0,0,0,0,0,0,0,0,0,0,0,0,0,0,0,0,0,0,0,0,0,0,0,0,0,0,0,0,0,0,0,0,1,1,1,1,1,1,1,1,1,1,1,1,1,1,0,0,0,0,0,0,0,0,0,0,0,1,1,1,1,1,1,1,1,1,2,3,3
207,Schleicher,0,0,0,0,0,0,0,0,0,0,0,0,0,0,0,0,0,0,0,0,0,0,0,0,0,0,0,0,0,0,0,0,0,0,0,0,0,0,0,0,0,0,0,0,0,0,0,0,0,0,0,0,0,0,0,0,0,0,0,0,0,0,0,0,0,0,0,1,1,1,6,8,8,10,12,12,12,12,12
208,Scurry,0,0,0,0,0,0,0,0,0,1,1,1,1,2,2,2,2,2,2,2,2,2,2,1,1,1,1,0,0,0,0,0,0,0,0,0,0,0,0,0,0,0,0,0,0,0,0,0,0,0,0,0,19,22,22,22,30,30,31,23,24,24,24,23,18,18,16,16,16,16,16,16,17,17,17,17,14,11,11
209,Shackelford,0,0,0,0,0,0,0,0,0,0,0,0,0,0,0,0,0,0,0,0,0,0,0,0,0,0,0,0,0,0,1,1,1,1,1,1,1,1,1,1,1,1,1,1,0,0,0,0,0,0,0,0,0,0,0,0,0,0,0,0,0,0,0,0,0,0,0,0,0,0,0,0,0,0,0,0,0,0,0
210,Shelby,13,17,23,30,33,33,34,38,44,48,45,51,51,51,59,55,67,61,59,70,69,69,64,61,70,65,65,64,68,70,70,74,70,66,64,66,70,74,69,70,70,69,59,58,51,50,47,46,42,37,37,34,30,40,39,39,38,40,42,40,38,38,35,35,33,40,42,32,33,34,31,28,29,35,47,47,46,50,50
211,Sherman,0,0,0,0,0,0,0,0,0,4,6,7,7,7,7,9,10,10,11,12,14,14,14,12,12,11,12,12,12,11,11,12,11,13,12,12,12,11,9,9,9,8,7,7,6,4,4,1,1,1,1,2,3,3,3,3,5,5,5,8,8,8,7,7,6,5,4,4,4,4,2,2,4,3,3,3,3,3,3
212,Smith,51,63,69,71,71,69,70,75,73,70,65,70,75,75,72,62,57,58,52,53,52,52,49,48,49,45,40,38,44,45,53,53,53,53,50,48,55,53,54,52,51,50,46,43,37,36,36,33,33,29,24,24,21,24,24,23,27,29,30,28,33,33,31,42,45,49,49,72,71,70,77,89,100,107,123,123,123,150,162
213,Somervell,0,0,0,0,0,0,0,0,0,0,0,0,0,0,0,0,0,0,0,0,0,0,0,0,0,0,0,0,0,0,0,0,0,0,0,0,0,0,0,0,0,0,0,0,0,0,0,0,0,0,0,0,0,0,0,0,0,0,0,0,0,0,0,1,1,2,2,2,2,2,3,3,3,3,3,3,3,2,4
214,Starr,7,7,7,5,5,5,5,5,4,3,3,3,2,1,1,1,1,1,1,1,1,2,3,3,3,3,3,2,3,3,3,7,3,7,7,6,5,5,7,9,9,9,11,13,13,9,11,11,11,11,13,14,19,18,18,19,19,18,23,25,29,31,31,35,37,44,59,73,83,89,103,126,149,164,180,198,273,281,298
215,Stephens,0,0,0,1,1,1,1,1,1,1,1,1,1,1,1,1,1,0,0,0,0,0,0,0,0,0,0,0,0,0,0,0,0,0,0,0,1,1,1,2,2,2,2,1,1,1,1,1,1,3,2,2,2,2,2,2,2,2,2,2,2,2,2,1,1,1,1,2,1,1,1,1,1,1,1,1,1,1,3
216,Sterling,0,0,0,0,0,0,0,0,0,0,0,0,0,0,0,0,0,0,0,0,0,0,0,0,0,0,0,0,0,0,0,0,0,0,0,0,0,0,0,0,0,0,0,0,0,0,0,0,0,0,0,0,0,0,0,0,0,0,0,0,0,0,0,0,0,0,0,0,0,0,0,0,0,0,0,0,0,0,0
217,Stonewall,0,0,0,0,0,0,0,0,0,0,0,0,0,0,0,0,0,0,0,0,0,0,0,0,0,0,0,0,0,0,0,0,0,0,0,0,0,0,0,0,0,0,0,0,0,0,0,0,0,0,0,0,0,0,0,0,0,0,0,0,0,0,0,0,0,0,0,0,0,0,0,0,0,0,0,0,0,0,0
218,Sutton,0,0,0,0,0,0,0,0,0,0,0,0,0,0,0,0,0,0,0,0,0,0,0,0,0,0,0,0,0,0,0,0,0,0,0,0,0,0,0,0,0,0,0,0,0,0,0,0,0,0,0,0,0,0,0,0,0,0,0,0,0,0,0,0,0,0,0,0,0,0,0,0,0,1,1,1,1,3,3
219,Swisher,1,2,2,3,3,3,3,3,3,3,3,3,3,4,4,4,4,5,5,6,6,6,6,6,6,6,6,5,6,6,6,5,6,4,4,5,5,5,6,6,6,7,6,5,5,5,7,6,6,5,5,6,5,4,4,3,3,3,4,4,1,1,1,1,1,1,3,4,4,4,4,6,5,5,5,5,5,5,6
220,Tarrant,394,443,498,538,594,652,671,712,682,732,804,839,1002,995,987,1032,1121,1232,1375,1501,1605,1677,1643,1603,1627,1736,1819,1858,1894,1949,2043,2131,2043,2329,2786,2832,2880,3134,2943,2676,2759,2846,2850,2797,2797,2855,2926,2974,2999,2921,2885,2995,2916,2927,2985,3024,2995,3036,3119,3172,3245,3205,3229,3327,3352,3472,3581,3819,3901,3967,4002,4017,3996,4203,4037,4143,4326,4403,4493
221,Taylor,30,37,42,49,52,52,54,58,62,67,73,106,132,114,113,132,125,126,129,138,144,171,193,189,215,214,224,215,214,238,49,45,49,24,18,0,0,0,45,45,45,45,45,45,45,45,45,45,45,45,45,45,45,45,45,45,45,45,45,45,45,45,45,45,45,45,45,45,45,45,45,45,45,45,45,31,37,45,60
222,Terrell,0,0,0,0,0,0,0,0,0,0,0,0,0,0,0,0,0,0,0,0,0,0,0,0,0,0,0,0,0,0,0,0,0,0,0,0,0,0,0,0,0,0,0,0,0,0,0,0,0,0,0,0,0,0,0,0,0,0,0,0,0,0,0,0,0,0,0,0,0,0,0,0,0,0,0,0,0,1,1
223,Terry,4,5,5,5,5,4,8,7,7,7,7,7,7,7,7,5,5,5,5,5,2,2,2,2,2,2,2,2,3,3,3,3,3,3,3,3,3,2,1,1,1,1,1,1,1,1,1,1,1,1,1,1,1,1,1,1,0,0,0,0,0,0,0,0,0,0,0,0,0,0,0,0,1,1,1,1,1,1,1
224,Throckmorton,0,0,0,0,0,0,0,0,0,0,0,0,0,0,0,0,0,0,0,0,0,0,0,0,0,0,0,0,0,0,0,0,0,0,0,0,0,0,0,0,0,0,0,0,0,0,0,0,0,0,0,0,0,0,0,0,0,0,0,1,0,0,0,0,0,0,0,0,0,0,0,0,0,0,0,0,0,0,0
225,Titus,2,2,4,6,6,6,6,7,8,8,7,7,8,8,9,10,9,10,10,10,10,9,9,10,11,11,13,13,12,13,17,17,17,23,22,24,46,60,67,80,77,83,110,120,164,194,218,214,219,286,295,379,393,365,370,372,359,364,344,330,340,339,334,295,278,210,201,261,254,247,242,229,215,214,191,193,184,170,164
226,Tom Green,23,24,23,29,30,32,30,33,31,32,32,26,20,20,20,20,20,4,3,5,6,6,12,16,14,16,19,20,21,20,21,21,21,19,19,17,17,13,15,13,10,9,9,9,8,9,9,9,9,8,9,11,10,7,11,11,11,10,8,7,16,16,18,19,19,18,24,31,37,38,53,63,84,104,103,111,115,123,128
227,Travis,433,469,495,525,554,593,606,681,692,718,733,712,802,790,817,862,867,903,965,962,974,1016,1070,1085,1110,1120,1147,1162,1184,1201,1230,1265,1230,1322,1347,1346,1382,1390,1409,1425,1456,1490,1543,1589,1625,1681,1702,1697,1743,1808,1812,1852,1898,1941,1971,1962,1971,1960,489,471,486,494,502,535,629,694,757,785,901,854,829,848,1066,898,1109,1455,1783,1715,1686
228,Trinity,2,2,3,3,3,3,3,4,4,7,7,5,5,5,5,5,5,6,6,6,6,5,5,2,2,2,2,2,3,4,4,4,4,4,4,4,4,4,4,4,4,3,2,2,2,3,3,3,3,3,3,3,3,4,5,5,5,5,10,8,8,8,8,9,9,9,9,9,8,8,3,6,3,3,4,5,5,4,6
229,Tyler,1,1,1,1,2,2,2,2,3,4,4,4,4,5,5,5,5,5,4,4,4,4,4,3,3,2,2,1,2,2,2,2,2,2,2,2,2,2,2,4,4,3,4,3,3,3,4,4,4,4,4,4,4,4,4,4,3,3,5,5,5,6,6,6,6,6,6,5,5,5,3,3,1,1,4,3,3,5,6
230,Upshur,4,5,5,5,5,7,6,7,7,7,7,7,7,7,5,7,7,8,8,6,6,6,6,7,7,7,7,7,7,6,6,6,6,5,5,5,5,4,4,4,4,4,4,3,3,3,3,2,2,3,3,4,4,9,9,9,10,11,11,13,14,13,13,16,16,16,17,13,13,14,16,16,15,13,13,15,15,12,14
231,Upton,0,0,0,0,0,0,0,0,0,0,0,0,0,0,0,0,0,0,0,0,0,0,0,0,0,0,0,0,0,0,0,0,0,0,0,0,0,0,0,0,0,0,0,0,0,0,0,0,0,0,0,0,0,0,0,0,0,0,0,0,0,0,0,0,0,0,0,0,0,1,0,0,0,1,1,1,1,2,2
232,Uvalde,5,5,6,6,5,4,4,4,3,3,3,3,0,0,0,0,0,0,0,0,0,0,0,0,0,0,0,0,0,0,0,0,0,0,0,0,0,0,0,0,0,0,0,0,0,0,0,0,0,0,0,0,1,5,6,6,8,10,12,11,11,7,7,0,1,1,1,1,2,3,2,5,3,4,8,6,7,7,8
233,Val Verde,6,6,5,4,7,6,6,8,8,8,8,8,8,8,7,7,7,7,4,4,4,2,2,1,1,2,2,2,2,2,2,2,2,2,2,2,1,1,1,0,0,0,0,0,0,0,0,0,0,1,1,1,5,5,5,5,8,8,8,8,8,8,8,7,7,7,4,4,4,4,2,2,20,20,40,40,40,66,66
234,Van Zandt,3,5,5,8,8,9,8,8,8,8,8,9,9,9,8,7,7,5,5,5,5,6,6,5,6,6,6,6,6,7,7,7,7,6,6,5,9,9,8,7,7,7,8,7,8,9,9,9,9,9,10,10,10,11,11,11,13,13,12,13,15,15,15,16,13,16,16,18,17,17,20,21,20,18,16,16,16,20,19
235,Victoria,50,59,64,71,74,75,76,80,75,72,66,62,66,64,54,48,50,45,51,53,54,54,53,58,62,62,57,56,57,59,52,52,52,41,37,30,30,29,25,23,22,24,22,20,19,19,17,15,13,14,12,11,11,10,11,8,6,8,13,16,15,15,15,19,23,25,25,38,40,39,42,45,58,73,73,73,73,137,170
236,Walker,10,9,9,11,15,15,19,36,34,52,63,60,69,65,87,86,126,139,148,148,173,167,179,196,213,212,233,236,214,224,203,209,203,206,186,179,220,146,136,165,151,149,170,271,137,129,148,158,149,146,344,534,521,570,1070,1063,1161,1230,1392,1430,1417,1406,1403,1417,1197,1098,1099,1041,623,639,538,412,359,330,335,320,344,346,383
237,Waller,11,11,12,13,14,13,14,16,18,18,17,16,18,17,15,18,15,15,17,17,16,17,14,14,14,15,13,13,12,13,15,14,15,12,11,11,10,8,8,9,10,9,12,12,11,11,12,14,18,18,21,20,20,20,19,24,22,20,21,22,24,26,22,27,33,35,38,32,35,33,34,41,41,44,43,43,47,48,51
238,Ward,0,0,0,0,0,0,0,0,0,0,0,0,0,0,0,0,0,0,0,0,0,0,0,0,0,0,0,0,0,0,0,0,0,0,0,0,0,0,0,0,0,0,0,0,0,0,1,1,1,1,1,1,1,1,1,1,1,1,1,1,0,0,0,1,1,1,3,3,3,3,6,6,6,6,7,7,7,6,7
239,Washington,20,22,27,33,31,31,29,29,24,29,29,32,35,44,45,47,64,55,75,85,84,107,107,106,108,107,104,104,106,109,103,106,103,114,111,112,116,115,118,120,120,119,121,123,124,109,113,113,113,112,111,106,105,109,109,109,111,110,108,108,108,108,107,106,111,112,51,53,53,53,53,54,56,57,58,63,68,72,74
240,Webb,112,123,141,150,150,165,163,169,181,186,186,180,171,184,182,196,202,216,233,234,237,229,232,237,242,232,249,251,235,229,211,204,211,208,209,197,196,179,165,168,175,174,162,173,179,156,142,151,155,155,154,157,146,124,130,132,123,116,122,131,151,151,136,141,157,167,176,190,190,166,194,231,261,292,312,312,363,350,404
241,Wharton,17,15,16,18,21,21,22,23,25,25,25,27,27,24,22,22,22,20,18,16,14,13,11,10,10,9,8,10,9,9,9,10,9,8,9,9,9,7,7,7,6,5,6,7,6,4,4,5,10,14,15,16,16,16,17,16,21,24,26,29,31,31,27,31,32,32,34,37,38,38,37,34,34,47,46,48,48,44,66
242,Wheeler,0,0,0,0,0,0,0,0,0,0,0,0,0,0,0,1,1,3,3,5,5,5,7,7,7,8,9,9,11,11,11,11,11,10,10,10,8,8,8,8,7,7,5,5,5,5,5,4,4,3,3,3,3,3,2,2,2,1,1,1,1,1,1,0,0,0,0,0,0,0,0,1,1,1,1,1,1,1,1
243,Wichita,44,44,44,43,42,35,34,32,26,27,22,21,41,36,36,35,29,28,28,27,18,16,17,17,15,15,15,13,16,17,17,17,17,21,21,21,21,22,19,19,19,16,17,19,16,16,16,16,16,13,15,14,14,14,14,14,15,14,14,10,10,10,9,12,12,13,14,20,20,19,37,40,57,69,88,88,88,120,149
244,Wilbarger,0,0,0,0,0,0,0,1,1,1,1,1,1,1,1,1,1,1,1,1,1,0,0,0,0,0,0,0,0,1,1,1,1,1,1,1,1,1,4,4,4,4,5,4,4,4,4,4,4,4,4,4,3,3,3,3,2,2,2,2,2,2,2,2,2,2,1,1,1,1,0,0,0,0,0,0,0,1,2
245,Willacy,4,6,4,3,3,2,2,2,3,4,2,3,4,4,5,4,6,6,9,9,9,9,8,7,7,6,6,6,5,4,5,5,5,2,3,3,3,3,3,3,2,2,2,3,2,1,1,1,1,1,1,0,1,2,2,4,6,5,5,11,20,22,22,27,29,32,35,36,38,40,40,44,50,50,50,53,59,65,74
246,Williamson,67,68,75,77,79,80,84,82,81,81,86,86,52,52,51,52,47,53,74,69,112,126,111,110,113,113,117,122,122,123,124,132,124,142,147,143,150,159,168,173,183,194,191,201,201,206,206,209,207,209,217,201,194,198,197,198,193,187,186,192,177,155,156,148,183,190,204,222,255,290,332,370,409,435,471,533,607,657,729
247,Wilson,7,7,8,9,8,9,9,9,7,8,13,13,15,15,15,15,16,15,16,18,18,18,20,19,14,15,13,13,13,12,10,10,10,8,9,8,7,7,7,6,5,5,4,4,5,5,5,4,3,3,3,2,2,2,2,2,4,4,4,7,6,8,8,8,9,8,12,14,14,14,14,13,15,23,26,29,28,32,36
248,Winkler,0,0,0,1,1,1,1,1,2,2,3,3,3,3,3,3,3,2,2,2,2,2,1,1,1,1,1,1,1,1,1,1,1,1,1,0,0,0,0,0,0,0,0,0,0,0,0,0,0,0,0,0,0,0,0,0,0,0,0,0,0,0,0,0,0,0,1,1,1,1,1,1,2,3,3,3,3,3,5
249,Wise,3,3,3,4,5,5,4,4,5,4,4,5,5,5,8,9,10,9,9,9,9,9,9,10,10,16,16,18,16,17,5,5,5,17,17,18,20,21,21,16,16,15,16,11,11,11,11,11,11,11,11,11,11,11,11,11,11,11,11,11,11,11,11,11,11,11,11,11,11,11,11,11,11,11,11,11,11,11,11
250,Wood,4,4,4,5,5,5,5,6,5,5,5,5,4,4,3,3,3,3,3,3,3,2,2,3,4,5,5,5,6,6,6,7,6,8,8,8,8,8,9,9,9,9,12,11,11,9,10,10,10,9,11,12,11,12,12,12,11,16,17,17,25,25,25,27,25,23,22,23,23,23,24,25,29,33,26,26,26,29,30
251,Yoakum,0,0,0,0,0,0,0,0,0,0,0,1,1,1,1,1,1,1,1,1,1,1,1,1,1,0,0,0,1,1,1,1,1,1,1,1,1,1,1,1,1,1,0,1,1,1,1,1,1,1,1,1,1,1,1,1,1,0,0,0,0,0,0,2,5,5,5,6,6,6,7,7,8,8,10,10,10,10,8
252,Young,3,3,3,2,2,2,2,2,1,1,1,1,1,1,1,1,1,1,1,1,1,0,0,0,0,0,0,0,0,0,0,0,0,0,0,0,0,0,0,0,0,0,0,0,0,0,0,0,0,0,0,0,0,0,0,0,0,0,0,2,2,2,2,2,7,9,10,11,11,11,11,11,11,10,10,10,10,11,12
253,Zapata,1,1,3,3,3,3,3,3,4,4,6,6,6,6,5,6,5,5,5,5,5,5,4,4,2,2,2,2,2,1,1,1,1,1,1,1,1,1,1,1,1,1,0,1,1,1,1,1,1,1,1,1,1,2,2,2,3,3,3,3,3,4,4,4,4,4,6,5,6,6,14,14,21,21,22,22,22,29,29
254,Zavala,0,0,0,0,0,0,0,0,0,0,1,1,1,1,1,1,1,1,1,1,1,1,1,1,0,0,0,0,0,0,0,0,0,1,1,6,8,8,8,8,8,8,9,9,10,10,9,9,9,5,4,4,4,4,4,4,5,4,3,3,3,3,3,3,3,3,3,3,2,2,2,2,2,2,2,1,1,2,4